cpg	mean
cg19821872	0.7549033949280249
cg11045303	0.13862391697362111
cg00158333	0.08478254525696256
cg23689227	0.4500789267498731
cg00143364	0.6869608652836631
cg11529128	0.08430228876223844
cg16852483	0.5760774215989615
cg11813441	0.5644163092987972
cg03802696	0.14637171996130025
cg00135497	0.868926375116737
cg23913963	0.6280516487633585
cg19403534	0.2728907363714423
cg23006567	0.47322181995376533
cg00593900	0.21490524529559624
cg13431800	0.2150597697575421
cg11142333	0.4971180361715791
cg21911021	0.18062947827980727
cg02744945	0.519819701988424
cg22159171	0.06923913443480811
cg13385210	0.38837739450783504
cg13274149	0.3696313489073037
cg06279276	0.25506635339397515
cg26296488	0.19487450398326384
cg20388256	0.34007058838181287
cg24531022	0.12246608018601501
cg19473656	0.8273634796306034
cg18689332	0.3670724181260514
cg04027328	0.1966801870792422
cg19697042	0.24906568808354723
cg02150077	0.5946592255549069
cg26130053	0.6008674624265007
cg13660719	0.3954949269221058
cg08770961	0.67995451869628
cg08197797	0.09616519616817595
cg20765408	0.1470439578139213
cg06711254	0.6688952441268414
cg03512248	0.6540830141281383
cg17892917	0.6081318914207617
cg01542019	0.6046994487163385
cg26562772	0.37829298025187347
cg15525848	0.4794069677176482
cg09476997	0.8643879095853814
cg25499099	0.1988253948249467
cg11144555	0.33032598617706216
cg13872898	0.6288825636118682
cg05522498	0.4696558111134949
cg27320127	0.16622579002731755
cg25496417	0.6269808505574975
cg26746936	0.16254599787176702
cg07201996	0.6991653859280125
cg26799250	0.6952130964749165
cg05713794	0.7789667149310767
cg03079132	0.36152117418334134
cg05135521	0.44824457477212537
cg22233512	0.3254627823408854
cg13029847	0.07118894142690688
cg15475272	0.6774897346729276
cg00794400	0.15479069561906889
cg21222743	0.08762458818426987
cg24020215	0.13897728950383684
cg16875057	0.5119024646190724
cg02328239	0.18557330911465192
cg18031326	0.5738027761208658
cg05700079	0.22542822493473813
cg08542473	0.8787394845618132
cg11084718	0.1412426083245419
cg17338821	0.5382954789060931
cg09001549	0.8059047968886995
cg26465611	0.21714617664253347
cg19351603	0.5329301976702759
cg20044410	0.10390779609698428
cg13407335	0.7995816519632063
cg05308819	0.45905336127088003
cg02058108	0.2901275029792491
cg24695071	0.6823122286789159
cg10107890	0.6492584679183409
cg23247968	0.21747279952850393
cg04332373	0.17263105587472657
cg22040301	0.3902813077457341
cg10030162	0.7579302525077889
cg13928411	0.5241346011002573
cg10533990	0.2830278659749559
cg00513984	0.31713778508004625
cg10947408	0.09873806377636696
cg25642315	0.5781338492918122
cg20119148	0.21997419218002928
cg15296767	0.3446692103028039
cg10071824	0.06585014666365323
cg18633600	0.18735663262936172
cg21205288	0.8467239120602127
cg14702960	0.663178160923362
cg03036557	0.04896826337753481
cg21887193	0.3344192039712454
cg12217291	0.469076271630586
cg17254383	0.6563085060664158
cg01492538	0.2895228231490787
cg12462816	0.14305529006464773
cg23688465	0.5364183662912956
cg21943117	0.40433659851381165
cg19751789	0.07808524938916855
cg22186515	0.051858800585358605
cg00863306	0.1058197585252698
cg03047995	0.23233672672316807
cg01083131	0.29650207132711315
cg24733384	0.2680613624324568
cg04833853	0.8716474136914669
cg24987259	0.18318572046125914
cg09864227	0.8013222413007607
cg14898223	0.3755549207996913
cg13235787	0.39313908968966854
cg04792712	0.1904737189516378
cg06619959	0.45390084907698547
cg21572722	0.3256803261423652
cg15962547	0.1512890827133727
cg17100218	0.05957858600322337
cg14429847	0.09618925726619908
cg08364767	0.058244605042424416
cg23781334	0.9012097403780378
cg23368787	0.3446331808738027
cg00431114	0.42333515453805015
cg15104126	0.606048531855489
cg16385335	0.6348697100419652
cg26073542	0.7509590322401728
cg02041944	0.08025900823363
cg19809499	0.04955295712225808
cg17457912	0.38735987022851026
cg03078400	0.11027348315163531
cg09978353	0.6729835628451561
cg03745604	0.10743491257568501
cg02479575	0.038877073544193314
cg18352882	0.36705399017435963
cg06280059	0.48704253748711146
cg09737499	0.6808113826168599
cg18240463	0.1518477282747186
cg17789713	0.6896354610519722
cg27537199	0.3950450423872008
cg02868468	0.6509216905384406
cg18655522	0.6462445616920297
cg04519775	0.5710845177435486
cg01751992	0.43228514615050756
cg18335796	0.4325447351623038
cg21024112	0.5775124520131454
cg05598363	0.1461966534522203
cg25838150	0.5618420516550802
cg13289579	0.6839582885737705
cg19532939	0.6967401024638769
cg24339470	0.08979679155358393
cg13632058	0.09295921449106796
cg25963412	0.6429794187468915
cg06782035	0.13728567997819424
cg05296818	0.20137287685660454
cg11324116	0.2718550260717053
cg15690475	0.9555834258424837
cg00347938	0.9726517118683975
cg23973429	0.18275845650379718
cg09944697	0.9236912173356239
cg02354563	0.46316722224758594
cg00176863	0.2615828205949159
cg14209784	0.6335896154082195
cg18935453	0.6938560725242175
cg17473673	0.2767531020205188
cg08767044	0.05764586318486823
cg16053651	0.7964951910444327
cg11693709	0.3395109476215242
cg14302224	0.08507690229640427
cg09092525	0.47257019897726504
cg27167601	0.10928840602234882
cg11429111	0.7147975900301443
cg12298872	0.5592229134650192
cg16932827	0.6902299612536353
cg15441416	0.8658820187548735
cg18964590	0.6010977101159691
cg11360522	0.24954972235652817
cg23174607	0.1580723225270409
cg04324758	0.09673195604570653
cg04612444	0.0741670176367936
cg21361322	0.7997968126370939
cg07806886	0.1366807542935789
cg11277126	0.3480404681045737
cg10274029	0.5643907517713976
cg22821355	0.3916787336288741
cg07478501	0.7560518442230919
cg18322569	0.22798678980565062
cg21462693	0.45588402430458175
cg03935116	0.1218035856842772
cg02442436	0.13696118498670454
cg09977718	0.7786743124957368
cg20843052	0.07184970095163909
cg05083852	0.3991626263280985
cg16489193	0.08304394639403687
cg22299097	0.22462442631172289
cg14431734	0.7425090199167276
cg01444397	0.06636060390701201
cg23998119	0.2623619331792469
cg07679370	0.7115418386771433
cg19596273	0.09881552620604275
cg08939850	0.4589585102468801
cg27025752	0.0414849772502403
cg13077784	0.3999796471605299
cg07313679	0.04641701181112757
cg05738924	0.576932901966163
cg16019898	0.16419949842636886
cg11714320	0.1865412364263637
cg25693132	0.3879978328674522
cg21566642	0.554039946430089
cg11001665	0.9348267510170396
cg15356966	0.20142620604284772
cg26789332	0.055192947025386976
cg09889350	0.4171077501578012
cg14851263	0.7065186536584108
cg22575261	0.12144147897555387
cg03655395	0.3697719842739623
cg19783291	0.5542999665837538
cg15033140	0.7459289827516686
cg09118625	0.49323391977057157
cg12423733	0.1727857324537793
cg14094027	0.316694927382959
cg02583484	0.25858629066998234
cg20628376	0.25259475149217664
cg01919885	0.37752551527206313
cg25397922	0.16013271718222508
cg22797169	0.566881812883932
cg21983151	0.182085308660659
cg07850154	0.30521959657874514
cg12523526	0.07442415267200925
cg06846310	0.11600766563871932
cg05095591	0.09439532098993245
cg19686152	0.5106548021497542
cg08399733	0.8959282755524945
cg15046818	0.11738030089026744
cg21158737	0.8657211452304725
cg12071888	0.1790190320902581
cg18735473	0.34311465867514745
cg09014329	0.3270231246025727
cg26926631	0.7893677374289734
cg27617225	0.5872665419409273
cg17478979	0.4567078010358451
cg22927302	0.5125082236332273
cg21657577	0.2390789904466619
cg09882118	0.13688446427633713
cg05196366	0.11600751869171613
cg00948664	0.20960787271056108
cg22138393	0.20145540165414305
cg27429313	0.6766250080982447
cg00404400	0.11648675759977224
cg18280125	0.9147768508344443
cg06784232	0.4296315081660633
cg23184070	0.35089784787965606
cg02666020	0.2958692280002499
cg03575969	0.6587192038990485
cg12013591	0.167020010114971
cg06866686	0.1512375355506544
cg06368093	0.12794048572910158
cg06080300	0.6166043938922761
cg01664241	0.15692647725529932
cg00565688	0.16760013762638631
cg06648759	0.44488519333704657
cg20375220	0.06105695372767396
cg10099758	0.25057144820669053
cg06005318	0.22107528606590623
cg02213678	0.9036096190513973
cg24687805	0.11214530388200758
cg14456683	0.2558322300017053
cg01723606	0.9398351763597563
cg09446806	0.5267616369893483
cg06620837	0.07694983523695419
cg23233742	0.5715070729354462
cg01694939	0.7484772102300561
cg27584448	0.4379043422363681
cg10094358	0.3244118628574211
cg11717597	0.46755322482899503
cg08957484	0.38814566007329293
cg08321366	0.22766538470056816
cg13439596	0.2905796174033828
cg24853724	0.15309858343284302
cg07584558	0.08942128071318345
cg16764848	0.5886561474421627
cg19915582	0.5744757577889144
cg24436906	0.2874317541852618
cg04212239	0.13742757471356604
cg14288049	0.8527803859757327
cg11606444	0.6502983330694244
cg16102040	0.431613378954382
cg20146909	0.5911238327998654
cg21801378	0.06534093317911376
cg04105923	0.2623499815184123
cg00033551	0.8333613731774088
cg06520296	0.4534108253180741
cg16686396	0.5098071383989224
cg05082527	0.7246325512064417
cg17189465	0.07834085347981837
cg04158018	0.24905788626727518
cg12597389	0.1699545454520403
cg08305942	0.5704038733464707
cg03705319	0.5887607531681746
cg23220823	0.3322700476746889
cg12178465	0.6505888786098732
cg10804656	0.36396627622065814
cg23520688	0.889525115846257
cg14704921	0.072775584947576
cg09352789	0.2436416583492929
cg05650846	0.4751781009686718
cg22856324	0.14511351417397927
cg26648465	0.8583493649413424
cg07266431	0.14077907029561654
cg22382836	0.5302099202060121
cg23100720	0.39849191051308347
cg09965668	0.9144531266913289
cg02639095	0.18300668335079076
cg00858599	0.11324691150830637
cg04848343	0.6271542164424646
cg25818109	0.4502140753531458
cg06007201	0.10086320652393846
cg10240148	0.13433362684352498
cg00480331	0.0942380962804274
cg02132714	0.19834613869935952
cg16509239	0.34903691364273276
cg27053337	0.47648422526486933
cg16204414	0.7101634160387197
cg25129541	0.41999711878534984
cg04094193	0.6788263300259997
cg12269535	0.4845272146047725
cg03359095	0.47955988072725253
cg25792518	0.6185444203293101
cg26805749	0.12016574022615568
cg15603896	0.2930707237270159
cg18509466	0.20278756450895483
cg19381811	0.19438235294519865
cg19642877	0.43806209363421406
cg08097417	0.13015583542616696
cg07158339	0.3251356934386928
cg23051272	0.5186012893714378
cg26824091	0.09004903274331093
cg04432599	0.4978170238679453
cg13300273	0.2862998983973305
cg22446998	0.45723603047974554
cg16766325	0.14000242261190815
cg12895631	0.13989070361004743
cg00851028	0.5472905103619992
cg07678904	0.043704776408167265
cg14102437	0.2664345727110548
cg03231163	0.08381345002138661
cg08121652	0.6711058967275789
cg14107488	0.604447451554008
cg03555227	0.2280619667579837
cg13187936	0.10561759887634067
cg08736813	0.4568463554843083
cg24607642	0.35779187650547023
cg03646329	0.6331254262332859
cg02356435	0.572260887984535
cg09610644	0.5732932206727849
cg27130665	0.5065514007285201
cg20747380	0.25199876261332405
cg27511181	0.37823455293189795
cg08200404	0.3245945893807578
cg08214927	0.6694477867407587
cg16926102	0.3111701761531058
cg26229990	0.20663597757165522
cg03725309	0.14833479669571206
cg06522288	0.11405338719317215
cg22365240	0.5215189091813504
cg06526721	0.26704558279285157
cg10906284	0.19823604887656354
cg03054277	0.8210655059433215
cg16219603	0.17142790691885998
cg17858328	0.10175759921715857
cg07466622	0.1291810020525612
cg08022543	0.3177056556309859
cg26610808	0.1299409871818776
cg06757775	0.09645411865105114
cg18942934	0.6038559723005351
cg25841008	0.420196238031084
cg01885071	0.13663330372485366
cg23406136	0.40304509333856614
cg25514148	0.646017756310533
cg13823169	0.4098835241169763
cg07923390	0.8078208511829454
cg08061524	0.9480235182535671
cg25418484	0.7910128903403397
cg04445427	0.4678795644642371
cg01839993	0.3049323522945812
cg10495047	0.12390587337081446
cg02154074	0.14183160220233368
cg14523574	0.24540208901320404
cg02304353	0.6191834539484745
cg25212131	0.6812496524588281
cg25458175	0.08401791443134149
cg12649038	0.6348022077612159
cg12402251	0.10064383898340734
cg02628680	0.4119472687069257
cg23429698	0.2640919016823891
cg15906794	0.06406204835320145
cg06413842	0.763388280830816
cg24871743	0.6396548551850232
cg19283196	0.1315915222845666
cg10690747	0.42784739633288055
cg10924077	0.0741217021274434
cg02910913	0.10654420693414693
cg06574422	0.47668872942628954
cg24601559	0.5375305097702033
cg22099723	0.06392408044223213
cg01022974	0.14668768137005775
cg11285834	0.21300156519562635
cg23699918	0.45805133248716745
cg04069539	0.5116406225195318
cg17916490	0.09585028403834972
cg14992253	0.13849444525122817
cg01689404	0.3700533777693482
cg02001279	0.17870915355310218
cg07062476	0.10356858739549225
cg04027736	0.6400606089731133
cg27344587	0.1132653518648002
cg02711397	0.18984451807351957
cg07940585	0.1758352334129346
cg16021896	0.2702138998987432
cg20897136	0.2549990527366771
cg05917988	0.08824449861743947
cg25596754	0.8072186026241905
cg12141659	0.20520836553624341
cg11747349	0.139360805791888
cg20936529	0.7109167617022137
cg01554383	0.583271941200437
cg04503319	0.6311414099424804
cg01571001	0.7472805567771881
cg25241559	0.8841213160451946
cg20344388	0.7885197870744061
cg11071401	0.405969605082057
cg16279084	0.37893393820878046
cg12535090	0.660057017099852
cg13609385	0.794791024348005
cg05575054	0.09314926841074954
cg06105699	0.5043762296210142
cg01890836	0.5687462903630186
cg23471393	0.6509066572521222
cg23510764	0.47478401966329775
cg23901918	0.27556981349729964
cg20809087	0.09689908931946568
cg04731544	0.3473051090563691
cg12549908	0.5929760576752277
cg22277154	0.3484121344943488
cg25709146	0.6944015299935454
cg09636302	0.592673121865204
cg07068382	0.36323416818943055
cg08690859	0.14925382089281053
cg12446246	0.23193925917519162
cg08553327	0.17684854396090421
cg25678270	0.4661317793318402
cg14243817	0.4883047026960257
cg13868216	0.9209466782482708
cg23461714	0.14552989665616745
cg04517079	0.5425831738844212
cg09636661	0.4358303752569283
cg11609556	0.5290032375949925
cg21681705	0.6630024674689114
cg14993283	0.2178738491954068
cg04447128	0.5405188878335881
cg27209578	0.14328187331540776
cg16442402	0.7564153462153378
cg05613083	0.5559260187151591
cg07243147	0.26751630731702886
cg08761208	0.1698107340986067
cg02338840	0.5613374582761106
cg12899747	0.2430281097441398
cg06868946	0.29916582570413025
cg06068163	0.772700532500762
cg14901243	0.3262809099362994
cg16548911	0.25746466909242566
cg13161901	0.5140292060817079
cg14481208	0.41540451385192817
cg19722847	0.13623577910942541
cg12898019	0.2054605884407055
cg09722609	0.4548584216189905
cg22660299	0.8125567713800872
cg09113483	0.4976775328186881
cg06458707	0.6737726981613205
cg08046044	0.3711740982410882
cg07747616	0.49580168813286324
cg15013617	0.26305181643338665
cg05675373	0.1182162861681015
cg15946337	0.5546562865840481
cg23586996	0.8381541561279207
cg24955845	0.1322927531722415
cg13457427	0.8240540209341353
cg23575858	0.7668415032646114
cg20793420	0.26343950224429186
cg26734888	0.45154983015841565
cg01331772	0.6248875926395246
cg12589298	0.07659267267024832
cg09693106	0.19428749909023532
cg26379475	0.7532117756434712
cg27649073	0.08004489291029936
cg13736497	0.09839723150978615
cg01177100	0.3405078289790468
cg01940943	0.07119520377341287
cg11039694	0.13630840076880874
cg18468796	0.44906115564943194
cg11668844	0.1987327325054787
cg07171111	0.05786116515514676
cg20234855	0.4178179152383573
cg07992500	0.49030974358867707
cg03077453	0.1293249306418104
cg21927946	0.08857271797884489
cg22166739	0.1040833093683098
cg23166988	0.30306964326254276
cg12468774	0.5686415168178748
cg13491731	0.4365057426920696
cg25463963	0.6171658418387285
cg16756527	0.4024473286980257
cg19220719	0.2306051888151793
cg04708601	0.46143419111497763
cg03007201	0.07461467428733462
cg06667761	0.16586554394568945
cg18783781	0.7182144000790296
cg24365811	0.8126983920558326
cg24403338	0.3630397487574971
cg25325512	0.3449986327460157
cg27376136	0.12505630749927363
cg15243578	0.5011738872208468
cg10671830	0.18938331960008017
cg21380181	0.9240986940444349
cg15225201	0.09047236789398322
cg13541527	0.34373904718915754
cg04581938	0.08757462341213028
cg00638574	0.6201587475654948
cg03542686	0.676663606268679
cg11155924	0.1309850994863457
cg04582254	0.4315417525333097
cg12229367	0.8425347768062794
cg10166889	0.5825596116462575
cg21863110	0.4739984797126618
cg06957447	0.1342438065126042
cg27418217	0.23703389829430824
cg21410991	0.1998637425822143
cg02863489	0.05974834343726567
cg01157004	0.5665598002269295
cg26354128	0.15057630358319432
cg15551881	0.22589940446559967
cg11617964	0.5029375283619234
cg07804973	0.6290051396938244
cg05016408	0.2873509839780768
cg11930114	0.0742483813927362
cg26325867	0.4137522727064073
cg01294327	0.5048572735829421
cg14932313	0.4759529351429363
cg12373771	0.13808279840570914
cg10137837	0.3085916774626188
cg04982488	0.6671346052928969
cg09642020	0.3894919921185438
cg22703659	0.05092099864896166
cg06894628	0.5954792058062092
cg02060682	0.43190239955903104
cg07571951	0.3844887157516288
cg05677062	0.5437473036409097
cg14862806	0.2565401517556688
cg14336501	0.7327096575218995
cg27422141	0.09364238143692263
cg00662956	0.3347596238991276
cg03179291	0.8847093693654112
cg09957942	0.38816660168099343
cg09644065	0.18780734187606687
cg21159778	0.11405655374676404
cg10981464	0.15882711244600642
cg17861836	0.29986445822511837
cg04955573	0.34924865374638736
cg22155039	0.4154102594945314
cg27252696	0.07184996907293638
cg18488855	0.09144827351421254
cg18438319	0.4426146915417243
cg14757228	0.10751361563507515
cg21144928	0.336729023893879
cg21405786	0.48726793824183057
cg02841844	0.11701500046688798
cg27304729	0.40551981434899886
cg13103485	0.673601397093288
cg18867659	0.06134792334989791
cg10338787	0.32353913611928403
cg16860882	0.7538587325549468
cg06784991	0.2035324655177346
cg14811319	0.5604446311878344
cg02680050	0.4670431915372252
cg15994182	0.8263798815302725
cg26468891	0.33310576087955046
cg11204212	0.36354349047745277
cg21100328	0.09600555594861357
cg04036049	0.5194033146430379
cg18369325	0.676549664850616
cg26549330	0.4193721951810193
cg03758021	0.623639854608622
cg23090529	0.29786428771214635
cg08985885	0.1650834565337247
cg01176694	0.480473138940199
cg27519828	0.4768050891532958
cg10686304	0.24792925444887112
cg14646983	0.46811641144727634
cg11771383	0.4792234802731619
cg14776578	0.319159338820976
cg00575672	0.7041267942758342
cg01695994	0.5763435098884969
cg22719623	0.4161531679796246
cg23169957	0.20086466494312652
cg26588812	0.22316806115778992
cg01435643	0.4741055130694352
cg08961664	0.4321255022846392
cg01968178	0.10059337070027581
cg03716936	0.1282196481236009
cg02743713	0.14145736292310948
cg04060571	0.2908961367950604
cg23858532	0.13300991947282118
cg13316430	0.09318061581156381
cg08593157	0.5806906064543114
cg00924459	0.25566666188152853
cg02302670	0.6638753478442377
cg12671744	0.4481350105438149
cg01196788	0.18799277885158716
cg04640250	0.08810510664872584
cg04646282	0.19177686553242995
cg07502389	0.13892527436831256
cg04197548	0.26876659836144556
cg17830420	0.46033401572256477
cg18261491	0.29053968725291696
cg12027254	0.5405472971927184
cg04568819	0.6413107263930485
cg17469479	0.6753825802709298
cg01978236	0.6413587655482159
cg27649348	0.4012334859150453
cg07068062	0.1270858697041411
cg11647493	0.45133981902453774
cg00504285	0.39722089570674524
cg08186900	0.4630725681757385
cg13980609	0.34632611893324106
cg08739433	0.10286695730886639
cg03984502	0.7566061043119054
cg13628022	0.2122375276274421
cg11827910	0.12591892435026217
cg07613364	0.08062868353940016
cg16703882	0.10629947170404294
cg01942790	0.8814341114741631
cg00168942	0.5008803623498489
cg03760191	0.8802524178943303
cg10625705	0.10421086404889861
cg08688043	0.6580642826276774
cg04116545	0.0699741296983532
cg02047661	0.5207078187439186
cg06329491	0.20773532543179224
cg21644856	0.09936035734154768
cg26988423	0.10107422668250622
cg21228424	0.8931417062541958
cg16046561	0.08521210765317841
cg18247055	0.10736905201511124
cg27239754	0.7186899378903464
cg20960181	0.7319198780732752
cg15299997	0.6437426660995956
cg11746684	0.5928402274219154
cg01948202	0.229051275569975
cg10278102	0.3212812387528876
cg18062721	0.48868688435188645
cg03837292	0.8898241811793309
cg07658590	0.3372145617479065
cg26307359	0.13770301590606826
cg05209515	0.6988999948840717
cg03485674	0.40030937839281727
cg27076223	0.296396169685306
cg10375078	0.059488061027158694
cg14099457	0.39008243618770777
cg09022921	0.9514555235424546
cg22704788	0.7022010178052948
cg13460409	0.24886953983454055
cg24513684	0.21790711229581738
cg11084334	0.5052174425530479
cg14556683	0.28830658151847754
cg10665379	0.17357839817491935
cg14909179	0.6071003276074511
cg10203610	0.09929528042934309
cg05725804	0.06539599207102481
cg18222865	0.4900669031058496
cg20761322	0.12054822800326073
cg17071446	0.08947587576326374
cg24536146	0.15692535608373387
cg25933341	0.10203427808089509
cg07078958	0.16256175462134598
cg16193278	0.14626367269258847
cg01763090	0.12937419175532505
cg21030719	0.06196975793275881
cg20922701	0.38608409116819886
cg21394171	0.6976908215671686
cg15027907	0.1890456041047071
cg11868595	0.8577800106540525
cg00973876	0.37053855028176974
cg06933384	0.14309985145895238
cg10549973	0.0919783510700207
cg11029191	0.49056337038830883
cg02993991	0.49136465728677015
cg14310198	0.4470011996584292
cg03234186	0.1290873200046671
cg06346335	0.2876763696099122
cg09697696	0.20196139722447218
cg02867102	0.11817301226597576
cg23632752	0.6020529083074826
cg21166964	0.1487676547919075
cg15769343	0.45831502672187135
cg16924102	0.6946462120817596
cg18419358	0.38772311555260547
cg27168858	0.7088846121672916
cg08621778	0.586500335517118
cg02814054	0.5354740380352143
cg02383785	0.12080035376189269
cg21711214	0.45735588385066733
cg26002437	0.8198926099758429
cg10655021	0.08759957890037617
cg21375204	0.5827159349272898
cg13036702	0.7630113417259338
cg05377527	0.2656869197655422
cg23851167	0.6264004555861232
cg05978306	0.4193914202599367
cg12948621	0.19779903951538272
cg00748589	0.19847220591855821
cg01760189	0.7550114026168855
cg13870990	0.21068889746840425
cg21860825	0.5764135850383078
cg21940708	0.8255009679379345
cg22820188	0.2955778915569294
cg25478614	0.2861485022996092
cg22078805	0.3220850822253288
cg10179300	0.7595062590884368
cg14628343	0.20577286266946546
cg14170787	0.4944647247619828
cg23484392	0.46437706007109636
cg15384400	0.11985440896402935
cg13846270	0.4740547740850603
cg21638161	0.08968330344236394
cg10052840	0.46390186484534013
cg27385193	0.282428755647334
cg04047221	0.11101413590661233
cg03025830	0.5494912738790333
cg24612059	0.9587187993116989
cg01165661	0.619910089113592
cg12079303	0.2891531966049273
cg12077963	0.6731422313458761
cg18342964	0.5707766404484883
cg06639320	0.3663784421702342
cg03520471	0.41701540601214954
cg20898283	0.631088045963605
cg09581049	0.2888495009994121
cg03770548	0.6888318490600591
cg15168727	0.3163442869604994
cg02751731	0.5597329092454185
cg24568150	0.2835519325818658
cg02063488	0.4590632760252183
cg00971695	0.31424822177806255
cg27246571	0.6413970966437379
cg27015931	0.1122820318456475
cg05449217	0.39294369441696597
cg21558509	0.7567514020188564
cg14176752	0.21411111770116562
cg17518710	0.18765903638632608
cg16054275	0.34116590897235255
cg07783843	0.23138189378121457
cg04790755	0.6725862859853828
cg07536102	0.29846984916713176
cg00751072	0.21506912849953855
cg02451670	0.5802629710900647
cg00688941	0.6784642732028708
cg01472299	0.11135749632088918
cg17696044	0.1512226448152938
cg12814335	0.6418625298909377
cg06970884	0.20258817820342828
cg21330896	0.30143201777145695
cg18271914	0.49767281034046396
cg13589463	0.3848659466974275
cg01999701	0.3770835547373613
cg22434506	0.8680748651986695
cg19378631	0.14008633344406646
cg07435237	0.05999290523262975
cg19628934	0.487875321759761
cg09848695	0.0584642008551066
cg23828876	0.5425532413836879
cg14870229	0.1284064990562704
cg06381803	0.5372885595878375
cg07996594	0.8761682795769616
cg17069533	0.7218717644958792
cg06874016	0.2663445450702958
cg20185454	0.11397368502529846
cg08468401	0.2362895257285597
cg04361926	0.21023091643371283
cg14439622	0.3829953363357715
cg01574513	0.06507579432512187
cg17471939	0.4451262476591613
cg05841440	0.08742717181114419
cg01975495	0.340662616267176
cg12432236	0.1158714768881209
cg18933331	0.3813132378793038
cg04295144	0.6047129845702583
cg12680719	0.6194466415762968
cg09275869	0.09202740062575226
cg19889780	0.2753096572128405
cg25843346	0.2585750504825212
cg15614119	0.6094273160093447
cg03126058	0.7367526229103659
cg00810710	0.48163943756086347
cg23149687	0.16867751356394267
cg10827488	0.14789699145757024
cg27244482	0.6228880417738791
cg21513385	0.10279926918821401
cg04055490	0.36647697447158434
cg23543123	0.03343213507694839
cg20228731	0.4716175870067938
cg01765641	0.7065490270783882
cg08876481	0.7963250277109352
cg00043800	0.5007808611858594
cg26343883	0.24394129549568486
cg17511968	0.14691628633567594
cg09084391	0.871410445923163
cg10843343	0.6184039985953796
cg26445541	0.789200848114734
cg04209035	0.2787269992309619
cg06062378	0.3275161111159533
cg08955995	0.1969095635847997
cg02824029	0.38805758967077175
cg08335125	0.7160079149577243
cg11340260	0.40398905034250265
cg06807117	0.0801235048175962
cg11271171	0.637862427181852
cg07289618	0.606623943148058
cg04684267	0.10947013417260779
cg15219145	0.08958169705455686
cg08632909	0.5321009696209881
cg22169990	0.3497050692514896
cg01273309	0.6442484496584051
cg08425678	0.2534980871347126
cg27422507	0.31730278866402
cg00233028	0.3816854369018857
cg09906752	0.32716123504323846
cg17285931	0.6393173418397615
cg01915516	0.09929073176124219
cg23471348	0.7491109177233539
cg01871427	0.5786776444919345
cg21865845	0.2827548712715896
cg22920417	0.23826690692418287
cg25977493	0.16962567820993416
cg23328622	0.056037023312828435
cg03527802	0.5082496711375136
cg02891728	0.7743216301204912
cg14349763	0.52882393890063
cg14533068	0.48030603289797347
cg18993113	0.4936461138318985
cg07514618	0.7542237200345875
cg06340161	0.768336962377275
cg02871659	0.21936609036335836
cg00741624	0.21925361490666706
cg01405582	0.7569667068888335
cg27021512	0.24252397022969208
cg18406197	0.07596613572434033
cg13876222	0.7067739891383743
cg17603689	0.28449520161758307
cg09401099	0.14791702127500814
cg14836555	0.2741330527212313
cg14286594	0.5473961184407375
cg15059474	0.47946055700765
cg03590328	0.6139542699644174
cg10373607	0.7493040698187914
cg12307200	0.6649285912095891
cg16751357	0.32885756851157716
cg00688297	0.16576809095500394
cg00748718	0.1398766618185815
cg26578983	0.5154110201766047
cg00664406	0.476558408066837
cg07047570	0.2564820939269133
cg02114954	0.44762329346463864
cg00218409	0.09618738694831633
cg03202732	0.2270711791493694
cg07808761	0.5509502048511067
cg24818566	0.1832440719630164
cg22073802	0.07300736278902532
cg19302722	0.05497419207884064
cg05790451	0.30168825388577236
cg13075942	0.7099075401073892
cg04926767	0.6143179580700997
cg07894352	0.2060219591707989
cg24718722	0.4580198568232353
cg11581706	0.11424479965325131
cg06144905	0.1930180272497155
cg16370645	0.0719409032353683
cg07026636	0.2848316442287967
cg15410835	0.4323224251923902
cg05530294	0.8407180395909071
cg23479742	0.1978951416020816
cg06679494	0.13236847886278374
cg07104417	0.6353140080964048
cg15711508	0.47579247946470343
cg13810673	0.09752290203621049
cg12053291	0.6561429581364117
cg05783384	0.7600182403587754
cg10691109	0.5941275056483573
cg10658666	0.157105869265169
cg08511485	0.10513923909166992
cg14858786	0.9518881318568284
ch.6.33611621F	0.052321716474884844
cg24532083	0.3427100150903225
cg05813703	0.16390599507259704
cg22700848	0.2877498616759465
cg24682723	0.43951378804333774
cg21063716	0.276858519343786
cg18956549	0.09533367939820206
cg06078467	0.7861766291358774
cg21220374	0.21180533727382755
cg13619623	0.6677010991072051
cg19021076	0.17751020835571604
cg22449114	0.2892459689946529
cg04199609	0.18633726433367426
cg03442712	0.8163424554967553
cg13782301	0.319108947470197
cg27665659	0.04820905335003315
cg26890189	0.16470108414227225
cg04821375	0.3024401988202652
cg23965590	0.3965517583545337
cg06836406	0.30075501951288347
cg20164887	0.2427896294982871
cg15338967	0.5628190849489416
cg08493959	0.5623131540831129
cg05661282	0.07246855622408727
cg10281977	0.16442948673001434
cg01511232	0.7136173144399182
cg05850338	0.4503373143502817
cg10950593	0.5089343024799324
cg24159247	0.3057683971539851
cg21213853	0.5572163539239438
cg07145284	0.2585538573410157
cg10640944	0.10561709734597743
cg14563637	0.67760506684787
cg24169822	0.366874125666225
cg02893604	0.6455033209830756
cg04436528	0.5779589002032993
cg12592359	0.3987944755003334
cg10909801	0.6819078755538585
cg26111265	0.21250779764082403
cg00551910	0.41092417352169497
cg01405107	0.3502666319677044
cg27095592	0.1990044383836754
cg20652899	0.5561115769809001
cg20661138	0.3190326931437558
cg16604086	0.21788055381854393
cg02478731	0.37580260239129065
cg08461772	0.3113515016433494
cg23995914	0.22449153433526156
cg08090640	0.3821357087249222
cg17329494	0.21532513157916033
cg01135780	0.0623395428991482
cg04892766	0.6800735648022265
cg22272840	0.14209331010313428
cg20976787	0.6666042483982018
cg05165553	0.47839779843169505
cg22796704	0.491929371535873
cg05600717	0.14139910407057077
cg16708880	0.5013422914060629
cg01663970	0.6063387621684148
cg21467614	0.1799778523865964
cg20952652	0.35514710073419925
cg16180082	0.25944191384636806
cg09298818	0.28797044672190975
cg20779964	0.24336884840542994
cg22220502	0.6669978399330143
cg00426498	0.19060562119462748
cg24231716	0.06051774158040978
cg08342886	0.07195305678976123
cg04218812	0.08205393438843067
cg25404758	0.6906670843828415
cg22139166	0.18879111027517212
cg06829760	0.38212727784414857
cg25680628	0.08132211354566048
cg07204479	0.5975217138265068
cg15723784	0.5148473070251295
cg04836038	0.09904506372256813
cg23043544	0.5698188657682532
cg17489312	0.3758763421329667
cg19324997	0.9201736359186454
cg21809447	0.13601730558363212
cg16875235	0.6623555301264836
cg07367302	0.39540539390625973
cg21702188	0.244434000394264
cg17510385	0.9000042301859162
cg24220279	0.10990886661223989
cg02544002	0.7157176449123029
cg12524640	0.682235300655992
cg22930808	0.5602704335358833
cg18450254	0.23748041710013956
cg04354805	0.09047056974629146
cg00169184	0.703208257967229
cg16545743	0.523209768350497
cg04027548	0.4865131147783812
cg08461760	0.5749332557622762
cg13746740	0.2068987792400551
cg01368217	0.5257697049455322
cg22407942	0.2184278246575456
cg19725377	0.25791066789126427
cg27626102	0.10372043829029924
cg08787968	0.5248428570585157
cg25047618	0.39928618660252657
cg12506930	0.14835355994413024
cg05184016	0.9149639355492674
cg24160243	0.5022644002148723
cg17939040	0.8172756396016889
cg00690609	0.18455788616909474
cg07687131	0.22901770468491212
cg14352586	0.3958457560696437
cg10317164	0.268584427105151
cg18419175	0.7465965497061063
cg03323793	0.4179130346257094
cg20652404	0.35324512636250893
cg24174988	0.2262268220926652
cg00806461	0.1998038811650353
cg20591472	0.17987022518167878
cg00448707	0.7420452014862328
cg19516457	0.09369339166766046
cg27274542	0.23324374994100364
cg09748749	0.3531989051364331
cg12088946	0.4295702406532042
cg24553775	0.5713902677639536
cg25149218	0.5306863841552949
cg25085755	0.4648500771038948
cg07920503	0.09367965767520196
cg12100791	0.18607855335115658
cg19283806	0.30732011009623356
cg02452500	0.22389528195128902
cg17200137	0.6614707773654859
cg06474661	0.6093289264345509
cg05988548	0.30409244020705845
cg05546763	0.6826991130070348
cg06222087	0.8385855780579894
cg26420795	0.5614339018617799
cg07342322	0.2815487098089704
cg17795695	0.3849087176361017
cg23384708	0.5364809994828635
cg08904363	0.1019253858041619
cg04650238	0.6431222565906263
cg19713429	0.19278219433843125
cg09864185	0.1301465781994502
cg20897479	0.42903967569544155
cg17222645	0.13625539138808007
cg27184903	0.44966371193152205
cg13730618	0.30480301937787224
cg26330518	0.06980093757367123
cg12578166	0.14001537966194433
cg22793142	0.7200612675498644
cg01510388	0.44221679881206916
cg13989999	0.5305795357411611
cg00218103	0.0941810346710961
cg21190895	0.549368138672904
cg26112929	0.12776197330368852
cg01323777	0.8233327589874039
cg22947000	0.3018862841042389
cg26685941	0.20456291981863178
cg14442408	0.1272589394334048
cg14154859	0.29892027559036904
cg05764628	0.19228958886658545
cg24560920	0.5704594810682057
cg13939055	0.506463827143602
cg18556834	0.12358434871701739
cg12939283	0.1479528434730716
cg24852565	0.831443470923408
cg18445088	0.23568724871858032
cg25486757	0.13686757826164458
cg13620631	0.1480896613568648
cg08415592	0.1868443481852241
cg22353329	0.10961203127072458
cg20592391	0.1839577669833275
cg01772439	0.4825870193113301
cg18824549	0.5590030106976629
cg09469355	0.38287889233125155
cg04452203	0.34588888619833563
cg01101459	0.7554189872308885
cg24403644	0.688902440042721
cg04388919	0.6004448831295316
cg02113429	0.13076433804805068
cg17372101	0.38723507814521774
cg21159993	0.15304320393873772
cg12173150	0.3060979774643355
cg01889025	0.5531067258349404
cg02596779	0.15101423175068202
cg21734707	0.13804891317396886
cg14790600	0.45852341636674465
cg22736354	0.22154621353370094
cg02491878	0.334135269581962
cg04610187	0.39347707357346173
cg22796507	0.09099134751404195
cg19046826	0.1431041284907541
cg14603031	0.24535240418749568
cg21139325	0.6904601427638337
cg19281794	0.16476715973780043
cg05762671	0.6169523351398615
cg27660720	0.7123481723093753
cg24628744	0.15703290626016844
cg08668790	0.11264362781825152
cg20663219	0.38975834733973197
cg19321018	0.14752753734881674
cg21106695	0.6370737693620311
cg15094236	0.16403798712066167
cg08323969	0.2714115889711065
cg18190310	0.6298987525129683
cg03773862	0.733148448364642
cg22348673	0.08735918449294676
cg13016775	0.2552298817472153
cg09867669	0.9336533761139433
cg12068124	0.13342651326987892
cg10778288	0.08289801259065198
cg09178261	0.2938242865283784
cg20426710	0.2631182118526272
cg15701612	0.7620756721410857
cg19268695	0.4296448931744341
cg24932788	0.08569072656330629
cg03032798	0.3872137503347971
cg12497914	0.11835190810601263
cg17158913	0.753726034169441
cg25491122	0.705367015803204
cg10139476	0.7797422579959323
ch.2.30415474F	0.07374558737429329
cg10874314	0.41418839862347223
cg05280698	0.27328695382751317
cg00174992	0.5726146199825253
cg10050397	0.6569749244128393
cg10580293	0.1276333036857028
cg04074140	0.07142827891473133
cg19717773	0.6242416383026078
cg10202113	0.5279040328696769
cg09366730	0.7862524228489502
cg15971496	0.800936946262729
cg27543230	0.09452660493626182
cg15789106	0.36440166289976483
cg22821289	0.8619170932254264
cg17466510	0.5706295578282559
cg13682598	0.7809570639520456
cg00241664	0.7232344885316196
cg17183174	0.4921892411077049
cg06318164	0.10722384919144097
cg12685846	0.14418248510199935
cg05858126	0.33643892713957224
cg24789467	0.40431536850379446
cg06893273	0.4993113582888271
cg01820962	0.6739045326119539
cg06570224	0.25085305556974496
cg15575498	0.16788358758873578
cg25508319	0.15217102802795304
cg01435109	0.213627479156371
cg10943359	0.19226988056781402
cg11807280	0.3870871146520928
cg18673377	0.18801120354842993
cg09929238	0.6113627745448882
cg03294491	0.12634220393762366
cg02755525	0.04819517150591569
cg12348202	0.24191477707759496
cg03899510	0.48021013813425867
cg22747380	0.3121594814750164
cg09100343	0.45661963406078404
cg09099868	0.320322718300273
cg26467528	0.5016522571740782
cg00350448	0.18488727362759655
cg06230805	0.5470844514006956
cg16540789	0.45346656232855453
cg05358170	0.7442424758734216
cg12978040	0.2045037297715766
cg17801295	0.8772575696718715
cg24708861	0.21199545789649216
cg23346544	0.141240998453768
cg06978145	0.5887161360496362
cg21780428	0.6950819010915227
cg06505619	0.7373217051408768
cg17384889	0.1472901299404338
cg00590036	0.09103243887702299
cg02832224	0.5266979559238104
cg13719901	0.5567422673947646
cg03579624	0.3614648996119449
cg07895132	0.4139101725143872
cg19070894	0.24213841895927823
cg13245228	0.6363668094097785
cg00147286	0.9026118748122139
cg01894064	0.12708523421116638
cg04972348	0.7091473347681091
cg23500537	0.34037957768343957
cg08151705	0.23354512818161233
cg02631838	0.13032492758603317
cg06832677	0.3563770411527013
cg01891736	0.5553722389584653
cg13243168	0.6518013082411316
cg25124276	0.14271219256780554
cg26628907	0.403190620845402
cg26817145	0.6303938774929577
cg04180046	0.4642907757771466
cg25207224	0.45747930768798806
cg21350115	0.12274435392104872
cg01622416	0.5376728672419734
cg23304156	0.6284645722498712
cg19982668	0.2715365893451978
cg18031270	0.09673138655648233
cg00384539	0.11293652791425737
cg22866825	0.1695012569279959
cg11183227	0.7513785779152155
cg14956327	0.26054847090610755
cg18235690	0.21312471322252094
cg14071869	0.24918073936225166
cg17100943	0.5046825700890215
cg02548777	0.5394257761185719
cg13070763	0.13155108905842566
cg10136560	0.5212122328112498
cg07069844	0.12839573819229674
cg16501028	0.41867195274508134
cg25291653	0.7231980123188896
cg20733077	0.6306455915859612
cg24496666	0.07602904645258622
cg00175344	0.1197304353349952
cg20360704	0.14040063168698447
cg03399905	0.09246135103578489
cg20569855	0.7453751133793848
cg16206504	0.541421116363646
cg20380468	0.22737020165545335
cg06805925	0.5448692426232724
cg16480692	0.03810086967650584
cg00759807	0.6774831250978035
cg04749646	0.10932726878992399
cg26656658	0.5993042301200958
cg21799270	0.13187492852168575
cg08220120	0.44031458041591437
cg16755922	0.5954809141359431
cg24643922	0.7342649867350404
cg10864319	0.12730041360342406
cg03342928	0.9178736864769573
cg01589860	0.5637081275101559
cg21376004	0.6724107235944239
cg02513379	0.23648182078390306
cg09595185	0.28951194635480937
cg04604946	0.2825360795298202
cg19056004	0.40310540076402457
cg18181703	0.38017952081091916
cg17878972	0.14506552356908295
cg22452230	0.42662282607315627
cg12732998	0.09683282895072066
cg25706281	0.3151660432351363
cg04191427	0.6653335788720063
cg09747445	0.43309593079575515
cg11538641	0.11976485099398537
cg12946660	0.29439874203170113
cg09929187	0.7099906346472284
cg19308132	0.13475423217410482
cg22897715	0.08868158497960964
cg12238343	0.08747837686768015
cg14670435	0.076765185929256
cg17110586	0.23453470537594595
cg18136895	0.6899338217457827
cg04284535	0.14371327157946204
cg06231995	0.09060241424614436
cg05411199	0.7276356988547042
cg21175642	0.14002921268155502
cg09763439	0.7788955354895194
cg22282410	0.1501310107050955
cg19477084	0.1255781682954568
cg10321236	0.5408427271735162
cg17810176	0.2180322677913411
cg22925751	0.6362721129485429
cg16909962	0.04981526339168791
cg08271909	0.7997676235932245
cg14069287	0.5402503329908322
cg10372921	0.4612862109577313
cg15975427	0.5437065126388764
cg07435445	0.23228100072724564
cg21182108	0.7466874331397962
cg08257293	0.45198643576519826
cg23411426	0.5285374207306958
cg01558040	0.07667916381180226
cg04273431	0.533262195432482
cg09434500	0.08103572023625583
cg06425868	0.6225700455918706
cg12226028	0.3757364044969443
cg08936516	0.7735851813725466
cg09235539	0.12297524555713495
cg08796240	0.7627387401664549
cg13983686	0.16899352018538194
cg14871932	0.1621180044077262
cg27212232	0.289670935462323
cg24830730	0.4945557210644858
cg15048099	0.3998818370899357
cg27093143	0.10149995849109986
cg01431482	0.4967297442873951
cg23448505	0.3964688562133613
cg14037440	0.20769022870801257
cg07891268	0.6696571140420732
cg23540819	0.5034816203159821
cg02097604	0.8308326397702226
cg24955895	0.10184677475876121
cg00589617	0.7124956070703419
cg01486146	0.13977943774936732
cg12638731	0.14235867783656542
cg24143374	0.7645851086823867
cg14660788	0.7019914048706382
cg10097464	0.5539762233856662
cg17540192	0.8068225127553094
cg15920975	0.23925184422117052
cg02228185	0.6570249980306156
cg04420275	0.762686228719172
cg25730428	0.24880276349231786
cg12255554	0.7197605974508479
cg13216022	0.23139196304409357
cg05234415	0.6107932254658152
cg11549025	0.19517361963409097
cg21025494	0.11323367236553954
cg07956897	0.10214204049794735
cg06846976	0.6883542508720201
cg09063663	0.3705254679553765
cg14257429	0.38954570890068474
cg23263226	0.18594040610888765
cg18785742	0.7161752076658258
cg17017591	0.36176881291603036
cg19025811	0.6138857289630189
cg15054281	0.5913333715115565
cg05884870	0.23682022064809902
cg02928699	0.19551352144758258
cg20288341	0.8031844115698278
cg16271600	0.12426307407476078
cg05342634	0.12762556874513223
cg13610659	0.6603815442550516
cg12096762	0.12213227795868943
cg25806701	0.1326375961923445
cg07057831	0.34372259821852624
cg14203118	0.06059609803056687
cg18337222	0.2150472044649892
cg15393490	0.6452782666040221
cg11124130	0.18728377342454075
cg22904711	0.6113735266832697
cg02943456	0.5168862896754023
cg01890712	0.5753777159978507
cg09305680	0.33106630018922545
cg12706425	0.140418519451977
cg10583997	0.23789801635662444
cg25323444	0.6186745400638133
cg02954987	0.4490005067312151
cg26133399	0.11669764404516239
cg13585029	0.6926442271377564
cg13917614	0.7996382860452602
cg08006309	0.5423487306532928
cg19150852	0.06672469314939027
cg05557110	0.6332768512883885
cg11176990	0.05766050232127039
cg00034101	0.8061098749950835
cg06558502	0.19471858330586903
cg17256364	0.21518581923094118
cg20868898	0.09119688875279545
cg18848959	0.799051937971995
cg22375663	0.2373295197048355
cg01657207	0.178122943256572
cg06223120	0.3717060466176986
cg21725716	0.19057221274109162
cg09636313	0.5337718474361769
cg01612292	0.8256913244180335
cg14037218	0.6381787216605616
cg13645954	0.5237280876210723
cg19077806	0.40767541375503197
cg02231404	0.5749849874863882
cg13104274	0.6411948855919706
cg02795629	0.7248231832928334
cg21777166	0.6614834959406299
cg23363754	0.21843712182008557
cg05339633	0.44824612044060097
cg25050951	0.1426011844708672
cg22935653	0.17204751962098294
cg18974921	0.12124500347199545
cg03931865	0.6778805455068097
cg11082362	0.04119363616006578
cg01354961	0.09159636040218808
cg03987199	0.8454896901716902
cg12014818	0.23410120990926728
cg01894508	0.5011135752236566
cg21623865	0.10223440344039979
cg04709900	0.1023205476461972
cg26246127	0.048457502672155296
cg05661982	0.7372239371168534
cg25256723	0.6472282302710327
cg09154591	0.424152525924984
cg11059944	0.6617419362005744
cg08915171	0.8627425559000023
cg23142799	0.21369556239585244
cg14446942	0.17373383755672536
cg05541267	0.6381453859131255
cg14284824	0.5979342567408278
cg11787791	0.6784210166794604
cg15341124	0.4421090635216684
cg04980928	0.1716663815652635
cg19004465	0.9188849163528049
cg11738976	0.3493992582068495
cg19518666	0.47746797849931644
cg26005082	0.06437070927356317
cg18513344	0.2105146902999607
cg02973171	0.16500026254581035
cg21570209	0.40144658882625334
cg06424065	0.3236774137587785
cg23458168	0.40406027090271623
cg21756476	0.43600227082923293
cg08801479	0.8138189061819261
cg16255583	0.502749304219146
cg20818778	0.1622577985966323
cg20761853	0.6052672270114489
cg12227172	0.17020031782468542
cg06192381	0.09180164179714403
cg11580676	0.8826797600241935
cg13135455	0.5613016058243924
cg04359840	0.4520690917336702
cg14422240	0.5644043436130017
cg06640584	0.08379211310840075
cg15759721	0.6509438460946295
cg08615650	0.4886630776100084
cg23424933	0.13372783994692866
cg13273540	0.15136281698073023
cg17757602	0.049547697876963254
cg11210160	0.685981448247444
cg25677261	0.7357115325854731
cg10179004	0.559651104314099
cg22488164	0.6026657352078997
cg02304156	0.7136787338987265
cg13988440	0.6213127409446931
cg23202985	0.40789107517313955
cg15415507	0.09319564558856565
cg16411256	0.1011518784422211
cg01606885	0.6937593117283487
cg26069719	0.08602447235168685
cg21577356	0.7322650802288205
cg12920180	0.07857140979034948
cg08928882	0.061445868295743715
cg18615457	0.8210458851381407
cg04551395	0.674428459494099
cg08280936	0.12448951521560496
cg27067781	0.1991988670952219
cg24497732	0.34657641123160987
cg25260426	0.2782668879456169
cg01452189	0.6720102937696459
cg10171489	0.7344025192598912
cg13693328	0.2449820996462367
cg20099806	0.3717416234161038
cg10874644	0.5767509125644671
cg18369516	0.416648020076477
cg09320690	0.08732615642051912
cg16861964	0.15296048380074412
cg13826452	0.3316803699652806
cg26513192	0.08664320534352397
cg08726667	0.50878406220388
cg08791347	0.27566359566441784
cg10037068	0.6094537106567636
cg00472520	0.5476316664684098
cg26707709	0.14571339854549228
cg14066298	0.4924467195781786
cg03801286	0.29905489921576117
ch.20.1295406F	0.04989260047064899
cg03619256	0.5354496670627055
cg05259891	0.8406224390547717
cg11550064	0.49697912640400044
cg24151087	0.1056367688066999
cg10366093	0.19046933991991363
cg05508084	0.09928618321172011
cg18219563	0.07539823744594634
cg12804791	0.297185417647376
cg13246235	0.30020003239144755
cg05532414	0.14175889606478098
cg26612409	0.8235849241061378
cg17740822	0.17147699489291843
cg26665035	0.4619328343269699
cg26670562	0.10542981162383756
cg16184803	0.21124726523153747
cg07336350	0.25741687082733394
cg27038676	0.4912299660887726
cg13473356	0.07728313657107654
cg20315346	0.045794458705328625
cg23900712	0.5324856032144144
cg01856384	0.516560083117053
cg19588519	0.42969347093626475
cg18468088	0.1735140995130876
cg20032370	0.1504490370717293
cg22516376	0.7754411164235072
cg16110788	0.5436142872299354
cg16060330	0.7824581624528479
cg17603132	0.11711769281614513
cg19623054	0.7469205895354264
cg06976485	0.25650077373713637
cg19381766	0.37611975456927477
cg03566174	0.26257141404533174
cg21760990	0.58383637851577
cg10729426	0.16401111304563326
cg22580935	0.30882018914813253
cg06832406	0.653416635583081
cg10851168	0.6281064579686723
cg05318503	0.7365502264539071
cg23445341	0.2777517996647164
cg06594404	0.2787504981781151
cg08097614	0.130887354592438
cg22489878	0.17827355636743097
cg15311822	0.12639468732703188
cg01358444	0.7457015084832206
cg25533247	0.1650943626183058
cg06829584	0.4376232697854662
cg18080903	0.07457689410490972
cg10379476	0.5842106827655356
cg01176433	0.4257108935784788
cg17386710	0.8865838825835197
cg14245804	0.21806774232882437
cg10592592	0.23796376261196353
cg13648715	0.5404857118663778
cg11207515	0.30313157331904195
cg26332926	0.1709254226435249
cg26468696	0.460064815047958
cg20994660	0.23102192816876188
cg16851425	0.09493804396764469
cg20018563	0.5688067219207532
cg18310639	0.38657275030842986
cg23009419	0.4010211386561125
cg15707568	0.0894918362707583
cg00329615	0.3365901361291508
cg11803859	0.4222837281774441
cg19172447	0.9159553361793964
cg12968224	0.662224050317628
cg23552977	0.18817334476275077
cg17152981	0.2717723161301734
cg24505618	0.11317892104247967
cg02147126	0.33917571774350996
cg06419846	0.874854265314015
cg16448702	0.7587165368666122
cg20004827	0.38277620564135706
cg22608655	0.11651343862991674
cg01610165	0.13639823745007923
cg18482303	0.6089424703456002
cg16008966	0.5033965878943091
cg24938956	0.05720839425839583
cg04937184	0.32597211039028884
cg02795076	0.098509363843271
cg13187188	0.8000017033026182
cg06108383	0.782835903249001
cg08934126	0.2885589130601702
cg17624073	0.48882098767898796
cg27365627	0.8398088114366784
cg27432653	0.08164888321436199
cg19715771	0.12054989329993067
cg00008629	0.2996282946526023
cg15757853	0.7923440724147481
cg13039251	0.6004520810120478
cg17832991	0.11326248496826183
cg05315321	0.12792906729033057
cg25349939	0.6191964797223615
cg01302240	0.7834382023505669
cg12614687	0.06521205981255832
cg17441377	0.9318524758112856
cg03254146	0.6102518559960334
cg25921813	0.8771508169380753
cg07298547	0.5662654604172267
cg04164838	0.18734806897793743
cg03538296	0.7332026150938701
cg02380135	0.29428433825694655
cg20665157	0.4525292951208193
cg25967031	0.8062734863746571
cg15745401	0.6373523060598265
cg12530994	0.09249263192798456
cg17016266	0.45943749765472547
cg06672696	0.6675893819580128
cg04800503	0.9108041589361391
cg27314569	0.19676162280308893
cg09667606	0.5484633868125608
cg21256649	0.16013856126947096
cg21709871	0.2899124214041439
cg18034295	0.7441927363522584
cg26967842	0.40777059742868704
cg26307926	0.12059362845116228
cg20625967	0.916537606582898
cg09595479	0.09688365927671465
cg16987606	0.22187893095399133
cg03277049	0.4640924428000055
cg20992114	0.20456165926395278
cg17474524	0.12102932291928122
cg13378934	0.1415503375693185
cg02727079	0.5711458651667509
cg12286415	0.12645776461683042
cg22965561	0.3213576878968452
cg16832267	0.07862616237258269
cg07172334	0.49258406509668473
cg24563804	0.1650832303552609
cg05542681	0.22591020177118676
cg06553792	0.6729248242795526
cg17778556	0.5098579502503005
cg12606396	0.0930999017822639
cg15804973	0.2868087850822222
cg17206772	0.43811960571440334
cg24281777	0.6864999854206877
cg23079012	0.9211775229223779
cg24619618	0.5783527389709296
cg11534240	0.49465597381938864
cg25305703	0.5765604402271773
cg14315334	0.1815962958893419
cg26775087	0.7748371138994528
cg17328407	0.594598156235699
cg25148589	0.1711444894320728
cg24540678	0.14662557380760136
cg12276019	0.20487441867212294
cg02348437	0.36966479555462556
cg24222580	0.5631999885293119
cg15159987	0.5197873949700609
cg11748187	0.43504457109076966
cg26139559	0.19316598024121936
cg14526039	0.7223299879946681
cg09183450	0.4368801836407026
cg19533955	0.4419317689223062
cg13786089	0.13364021243416424
cg24731111	0.06621223103800485
cg12428514	0.8622491557790206
cg07080372	0.1649488227435027
cg05928290	0.9483706343843159
cg05216056	0.4564773023417335
cg26999345	0.2938008703864965
cg00537673	0.6626408746448632
cg06829686	0.08057374046438799
cg06092729	0.11977189290644678
cg13511324	0.4257077434457977
cg14387452	0.5626412551767579
cg23523668	0.15558406833086
cg24162270	0.40147399220829766
cg01829002	0.06926265584650818
cg24781737	0.5356919466014729
cg05339037	0.3731836241639647
cg17850498	0.7355760021506242
cg19824710	0.6010196625065307
cg19656486	0.518022371437261
cg19163067	0.5219625604463229
cg13247398	0.30067624795252
cg21393124	0.56736189944787
cg10591771	0.14025000724300377
cg03960811	0.4804516204562776
cg08324925	0.5866068191310452
cg01124546	0.40783568890673333
cg07757535	0.2873590230430593
cg22358580	0.22447655336054126
cg08043998	0.6861802782031985
cg05814654	0.07351267432163787
cg21878650	0.19327325229781744
cg10118456	0.5843006991810269
cg14514483	0.7059250218634378
cg25374813	0.3406973832642767
cg09018739	0.4418492499570132
cg05972185	0.6359897445218442
cg26348487	0.22107071427275757
cg14659930	0.43142115172851964
cg12457773	0.17704306496191355
cg01120509	0.37595412500194375
cg14676592	0.21819647456406377
cg14381448	0.2814501286774566
cg03994651	0.5957095519949839
cg10850725	0.10028739113946442
cg20918393	0.8340768982132499
cg16001165	0.5148573625240679
cg00902104	0.1172926559485051
cg07237926	0.5166556855906729
cg05578595	0.39083999686599313
cg01832549	0.39534568786781527
cg02016130	0.23371765632227184
cg03211864	0.2071232411466552
cg00059225	0.307761670675072
cg02031326	0.6724071371655292
cg23669043	0.18437371711352293
cg16969368	0.2151387563721797
cg07571928	0.39502175853130966
cg25462189	0.6421708077640719
cg04987734	0.3209198591031291
cg03826252	0.49634255568812935
cg06964816	0.19859386709177684
cg18123677	0.47190833424851975
cg13125072	0.6512169379602072
cg12068366	0.3833835501004347
cg05576245	0.3881236498431101
cg16449012	0.5885171693876883
cg15480367	0.22580282574161542
cg20879085	0.04958690788069361
cg18318878	0.1404415165669883
cg09692396	0.33595225412169094
cg14615927	0.6924020560437906
cg05996538	0.7678439491497964
cg27346545	0.295070764129089
cg23688719	0.7000930962794648
cg22454769	0.5208156052069566
cg04358214	0.5038510774075384
cg07172885	0.25144666773829094
cg14562086	0.27224886453112984
cg08118354	0.48887774881218854
cg02519751	0.23599396904599382
cg12077754	0.7444732485175439
cg18183961	0.5383553630200938
cg23527621	0.33302300505746707
cg14900031	0.5013007785041074
cg01729837	0.4057510929067674
cg12424329	0.10482153133207797
cg05156137	0.2475213245568056
cg22027435	0.40249839308142693
cg08832695	0.5416815624275259
cg08951638	0.4260780124105311
cg20742389	0.09454106974536836
cg11847992	0.3875915362155927
cg14244013	0.32461813780607124
cg16279999	0.9158398451129284
cg04179940	0.14656554187688356
cg05509696	0.7065238998972497
cg03559682	0.07281600006689155
cg23600866	0.13898988599023507
cg14966782	0.783414596167102
cg23361092	0.1245885562693982
cg27493411	0.48567006762237674
cg07960944	0.057060238194150306
cg12058372	0.7109310878979999
cg20426042	0.3757482102169898
cg12757011	0.23871233730874059
cg01447660	0.21062556342008695
cg17651887	0.6347698369302283
cg24543696	0.133581741068403
cg14567085	0.11835873256730535
cg25749318	0.07492932550931984
cg00442814	0.08110427795043387
cg10397932	0.11167614846293615
cg20248822	0.5764943124810639
cg01960979	0.7531130714363556
cg12546181	0.04483665216358468
cg00178249	0.16522015648051194
cg18234352	0.24412724013783485
cg03172931	0.6483907820796101
cg02869559	0.453021897911702
cg19641804	0.5238771360063437
cg11911122	0.12355982440718613
cg16536918	0.387944358401261
cg00263619	0.6725305679935908
cg14514237	0.10607938470268573
cg06819923	0.5061932141470585
cg15112910	0.4625460026871236
cg09349128	0.24384780425162755
cg19051213	0.6581254346560839
cg17484671	0.123697713335873
cg12018403	0.08727273837308414
cg19755459	0.7085614582143495
cg12800803	0.19030166498417608
cg02577387	0.4881720258828371
cg06744585	0.5438026200422632
cg18149207	0.6055413806741439
cg02018902	0.10200576784090264
cg13022222	0.6569929433497279
cg15963036	0.4104562620647813
cg16115072	0.7399979973702324
cg24461772	0.07322906515873742
cg04036920	0.40694242863975055
cg16080125	0.3563181066998059
cg07209244	0.28398524723788426
cg01433297	0.6433814633079715
cg23189410	0.3280938926384946
cg17317023	0.07573214513678206
cg00275479	0.6036498983198422
cg17782713	0.7893037044930311
cg22713958	0.6535490727216747
cg24453664	0.2663815714470079
cg22158769	0.0517749818392778
cg00595243	0.1670264823509178
cg15052335	0.6360060270153125
cg24430580	0.07748836526614944
cg03217337	0.7806895743815772
cg18132076	0.6461817767519716
cg11452501	0.5301835414350601
cg06822193	0.5861211057501476
cg00119687	0.682465489744405
cg11969813	0.6687020664196648
cg14621254	0.6578883092467139
cg06507987	0.2651051645608819
cg09432590	0.0874978430459254
cg03523785	0.14043962095665238
cg08337633	0.06695670494906528
cg19757176	0.389194591530857
cg12062133	0.6052409440198269
cg19724567	0.18546263046941167
cg09858508	0.6452073631323415
cg25808809	0.42760052222902595
cg03473532	0.6634452515664448
cg19728051	0.6364376368107748
cg18316974	0.8982600561965605
cg23482898	0.5417514656442897
cg12136950	0.5942372224783941
cg06493994	0.1656333755372618
cg20588859	0.507788444140528
cg27367526	0.3919588290304287
cg19721065	0.6995005248888676
cg19563107	0.06965690216709747
cg00094518	0.18996998782229954
cg07962934	0.8412101620531177
cg25426867	0.6715058962138892
cg00070052	0.4306821579284668
cg05997730	0.769008056662273
cg14640670	0.37995178674617297
cg05351257	0.08379045344626432
cg11454936	0.43417661515201594
cg03696346	0.15377263099472094
cg08691235	0.4213288218460931
cg21631918	0.5084971091798569
cg06513695	0.2987385176376864
cg11409350	0.8075734110635792
cg15001747	0.14212541137951484
cg17621438	0.23802158628697598
cg21041472	0.3537205607444088
cg05264870	0.3723223165158299
cg19653417	0.6048029710641101
cg00251125	0.3763800894914107
cg16608498	0.36906367319253625
cg17485681	0.5796329800792631
cg08397927	0.14061057807777483
cg25541528	0.3624526493223904
cg24151926	0.08369465803964286
cg17496921	0.27549472771403516
cg13435326	0.6327024961392996
cg17501982	0.6542998547051437
cg04228709	0.4748925520048954
cg23324537	0.26688712655468516
cg14557185	0.7548970731610446
cg12080831	0.34208092453254546
cg10690919	0.8687225161149805
cg18906360	0.5414328870926137
cg21188533	0.47658090353289334
cg21683390	0.43247879677260487
cg12516875	0.6282019511712617
cg18279094	0.1977777610623246
cg03430597	0.7275541868254726
cg01272428	0.19663923290243726
cg23305899	0.7445118244629946
cg24172324	0.2970811783921668
cg24644551	0.09066145016767985
cg16541026	0.2788957628252854
cg16665444	0.1707256912357919
cg18990407	0.7899741170207434
cg02741882	0.17594134181884052
cg09004241	0.49512847686588185
cg26290632	0.21176032340310916
cg05118960	0.7973468794138435
cg19031565	0.1669420617869434
cg10635122	0.1922455538690562
cg13399203	0.24102681925040623
cg14567917	0.51872398635769
cg07955995	0.07527697154228731
cg06083669	0.253326661122921
cg14330585	0.45683855917996075
cg02088673	0.5215553718829415
cg14644204	0.40150276738157975
cg04945331	0.08310784982985142
cg06806958	0.10762946334298103
cg24834889	0.30032133174889314
cg13647155	0.12762834243295748
cg05339605	0.6719770826409398
cg07110801	0.18622873960355274
cg22563815	0.5025472370756475
cg10163955	0.5835928508591719
cg26120958	0.14457666371184552
cg07140497	0.746142269097248
cg17063929	0.17040842862452038
cg14911690	0.045841807666922016
cg03906843	0.20033020833200985
cg00835193	0.7376266177041384
cg07769588	0.5231658904503184
cg00381131	0.09724395008521072
cg22608646	0.6038652960289583
cg14036830	0.12849176084048278
cg22866426	0.29335278570637147
cg17216759	0.10368830811925588
cg19996355	0.06264836222611446
cg19401340	0.06480939558135448
cg00020474	0.23653186188273262
cg03443986	0.10674142398903845
cg10813980	0.18872672826912393
cg18667659	0.5368440782760858
cg05949667	0.553473494490796
cg06001419	0.48316691780137655
cg21650243	0.7090707197842973
cg07683636	0.5455778277924695
cg07960624	0.3245787828562603
cg05301188	0.1670572156672265
cg13430464	0.280247948751767
cg03227128	0.08220296742868571
cg09756089	0.16872606536505902
cg05926722	0.2893370193135571
cg15912040	0.2483937535931307
cg00138101	0.2414772575718666
cg13966575	0.7141922667971625
cg06237487	0.740863778321712
cg09270346	0.1750980991948082
cg11830800	0.4345879427539454
cg24862514	0.11871679283265789
cg23049291	0.18389112488851256
cg17722435	0.52300953660262
cg18704979	0.6399723306462174
cg10371155	0.4797860017965944
cg13691961	0.5767305962365108
cg15936446	0.07794265090321334
cg19083497	0.16750266464739333
cg00463859	0.620775257919367
cg00063006	0.6680957002543255
cg23008153	0.333478407854599
cg15043384	0.7138559177279903
cg10542584	0.11616730837545275
cg27558541	0.7953971074656256
cg09187007	0.3314488794095124
cg10383568	0.576715348378935
cg16641055	0.642273510203104
cg20324262	0.20337906745583614
cg05830220	0.6490218055627955
cg26585644	0.36995647289417094
cg01797043	0.3903466030608648
cg21845957	0.16816340558792536
cg14039301	0.4552547908716249
cg21322436	0.24479563499367663
cg11766468	0.8056292364770862
cg09887059	0.21614136691721414
cg15504461	0.21121053430183753
cg17465752	0.36216938481104255
cg26608174	0.19338490020998347
cg22950598	0.5680368029279032
cg05575921	0.8043452343632319
cg24349631	0.23229468635138262
cg04599026	0.12335323597751989
cg25427880	0.19467141364363633
cg08822715	0.08467449849257268
cg09174555	0.2621643026676266
cg02715602	0.7942769562051817
cg22809047	0.5516378483837302
cg14441480	0.4925117988694893
cg05027554	0.6149566637459147
cg06707970	0.1296129458795423
cg13824500	0.5750462385020397
cg05669497	0.20360316302984952
cg08540945	0.11994622101843797
ch.2.105901354F	0.06882827392373114
cg21862529	0.5129598426177117
cg18126442	0.11501617726640921
cg08088161	0.2171961785392912
cg17343451	0.5137699939641642
cg14634687	0.3919765557068829
cg15970666	0.13251871030220042
cg21167135	0.5624603337214082
cg11051055	0.16514606739807147
cg12833018	0.35163279502842987
cg07134632	0.6861150120328036
cg06765217	0.0961502867149902
cg03776506	0.912516252612296
cg21333217	0.8895126748117815
cg09605494	0.10631036403349631
cg07357157	0.8557443678068481
cg09105193	0.12139188199811189
cg24150153	0.14345545277863206
cg23594345	0.3788674873040999
cg08973950	0.5143913473590522
cg12848065	0.22492296481710525
cg07267845	0.6514410113909757
cg00930873	0.1251926892972184
cg15209604	0.5785099586165308
cg08927006	0.11240833665498268
cg20294304	0.12223860531550892
cg12728588	0.7934187045791183
cg16824319	0.5834199606107103
cg20267775	0.7488193147166006
cg09854615	0.616546606026577
cg06043908	0.6927035956762178
cg05176991	0.06887494591077933
cg15746851	0.6915154349133429
cg26241460	0.5718067088066042
cg15136975	0.1962534609833232
cg02441474	0.42446152041593627
cg03607117	0.08016224633969886
cg16691087	0.5060487196685802
cg09012125	0.39807238348713037
cg03775416	0.7748641705707915
cg17497271	0.11777079888777732
cg27545615	0.2762778192717505
cg15829826	0.06390066392992327
cg21519787	0.771402450898472
cg09975367	0.6938587197188709
cg00593462	0.5459464268391377
cg00711896	0.8525741475438655
cg02457328	0.11855381904876329
cg16659510	0.8044341448910177
cg04431935	0.4155523135040909
cg08783616	0.35104634185615413
cg19267254	0.19550559395668687
cg26103104	0.6687280148453285
cg15609237	0.518119112236964
cg22138735	0.43958423789350193
cg04717143	0.279974062223572
cg04792813	0.16357967671525625
cg26350754	0.17347072024786322
cg19434937	0.6702333820943529
cg12127472	0.11478065374710815
cg00812303	0.06468783175684582
cg21938436	0.14694890792533252
cg15765380	0.27700181659493583
cg08148802	0.4121630151933298
cg10772185	0.21937175066058995
cg06768361	0.8800490463164505
cg21869046	0.3905673436980555
cg26664161	0.08404086364532155
cg14271729	0.28191554897031984
cg24258699	0.24907620449143716
cg09776718	0.9081199548710825
ch.14.97331099F	0.03676851138451683
cg16419235	0.18745551560315504
cg11299854	0.06010153411383262
cg15913671	0.6248105510941955
cg03693105	0.22553509601162672
cg22897224	0.6023760313902363
cg01428071	0.42684558985065135
cg19240857	0.7750963039554963
cg25866895	0.421559726242085
cg02552255	0.5657678067338852
cg21084284	0.05204701992333037
cg20930114	0.13961350523208108
cg13458609	0.7802712351322737
cg16649560	0.17426607534457525
cg05568490	0.08781204100588384
cg14746276	0.17111747148125342
cg13307058	0.3112878711080721
cg04187185	0.07491360946738199
cg20740903	0.37731963602164365
cg24218925	0.23735038070818645
cg26675379	0.7983552058906561
cg06125903	0.5478539265865006
cg08959230	0.5911318247841584
cg12737938	0.8427301638452798
cg03286535	0.6320685051382383
cg07787614	0.3730589978634584
cg00911776	0.5584457415612203
cg04990190	0.18123860242766346
cg06391982	0.3674332850548094
cg12811871	0.8199672868428914
cg20322193	0.2931249740105491
cg13381984	0.41634511989772355
cg05428701	0.17905579310554232
cg20212624	0.44118938410640884
cg24807850	0.6715258310998014
cg24890964	0.3675467909120689
cg03123759	0.6986556285220081
cg10505257	0.6237922175231041
cg10373147	0.6090397865936227
cg22485810	0.14316383828744467
cg03171478	0.26257396796336185
cg21241823	0.17479088127314932
cg14614094	0.7359776823973881
cg21750589	0.7340762414946135
cg06230839	0.5171774350122252
cg02903680	0.5477606133266142
cg02754470	0.722188999034162
cg09137533	0.28010980385653833
cg01163369	0.6821929028951621
cg26469387	0.41404126698015015
cg24099956	0.49517613060611504
cg02368812	0.5062325245595148
cg05369942	0.14242459998835377
cg08297393	0.7569660160974881
cg11024682	0.34973659242572885
cg04408858	0.609454474074528
cg20674521	0.18678048161065153
cg01635555	0.7417780574577835
cg25861699	0.2552798610380624
cg16503724	0.39924353875161034
cg13781414	0.6576210024470882
cg02318784	0.23968633909732748
cg12688234	0.510777572516656
cg18070470	0.13868574747494608
cg24707889	0.4490837765337656
cg02010738	0.38389709301285135
cg26158023	0.18527183243463025
cg01542719	0.6747383730571825
cg11220950	0.3960081425408441
cg09563216	0.4146930209245715
cg05483184	0.07635682909806313
cg12164922	0.0998078394117026
cg19008597	0.33437107365971597
cg12516954	0.279668350308279
cg12611243	0.6813635276285073
cg05106770	0.26298040346411644
cg05207048	0.12124759831779856
cg03450635	0.29732785514825755
cg01966117	0.7369385107655904
cg14909198	0.7582844879163676
cg00740914	0.6934476259856959
cg16619991	0.4270944234902471
cg25240254	0.5903590716928996
cg26673195	0.5178936168237646
cg14499385	0.21541671954611236
cg15711521	0.6517873695551134
cg17168836	0.2509969584319151
cg21113746	0.5740870038962148
cg09219547	0.4157108520215551
cg05647602	0.7742848996925216
cg10967866	0.6128746424616407
cg16691593	0.13422925994219695
cg17002328	0.7035345017402099
cg10587449	0.6778715602165271
cg12473406	0.13102631401967565
cg04500896	0.46883213929991857
cg08358907	0.4018090587806191
cg25761791	0.39373267725831945
cg00602811	0.33373830122586773
cg04567445	0.16955537515592398
cg04496791	0.1678615037619997
cg11660018	0.4276744820863666
cg15703690	0.1375148255616658
cg06937409	0.5372489142690788
cg07957458	0.8788192125961084
cg19065831	0.10740872707648529
cg27534520	0.2563601056822957
cg07951347	0.11246609877145392
cg20732160	0.6030588834112569
cg04457572	0.4275007389294091
cg12986700	0.16884715371868875
cg00415665	0.9051855555634131
cg03032497	0.1837149887909072
cg17042439	0.49484955276260084
cg08386692	0.27507903011174045
cg02162605	0.6691662105453928
cg12873476	0.6889608309050079
cg22084642	0.2085833108534819
cg23836737	0.27160723557892025
cg13612317	0.4458302963487353
cg14360917	0.4385972371231841
cg16284674	0.8681775151651723
cg22172057	0.3365789142515652
cg12362077	0.42541490381617314
cg15876825	0.9474688737845587
cg24830898	0.48571862597974697
cg16361302	0.09613766609858657
cg13916835	0.6137515407494831
cg24142894	0.4468157506617736
cg03750567	0.7578933112966195
cg07063068	0.0739768513781258
cg20290360	0.8155830020491519
cg02325250	0.4662846350388856
cg23564243	0.1845978267302212
cg00853733	0.12933136422932096
cg08909806	0.11903221495999897
cg03301200	0.08636146979639142
cg09564253	0.21717076423476964
cg04212285	0.7328048383909986
cg18317005	0.6070741119024279
cg21179618	0.3203221886427978
cg11006267	0.21153852122027567
cg22796593	0.25191987957919537
cg21225797	0.20823895364082956
cg06010459	0.43403617680977236
cg00377358	0.14592308048155858
cg00625653	0.08568021738868982
cg20052760	0.21088384731019522
cg23829395	0.5009807735552211
cg16581455	0.6358201997927007
cg24698655	0.19201046532040833
cg20658709	0.3407719083857997
cg03266686	0.2278320241965933
cg15252509	0.56633937694292
cg02415029	0.14898367444115354
cg09578937	0.8605081991987409
cg25809905	0.4859638306506011
cg16615829	0.4658029919377967
cg23201812	0.12800489126276846
cg00343092	0.06415591033039156
cg09639964	0.7401604005931344
cg22243000	0.764060423935034
cg14027333	0.1217338781105702
cg09152089	0.6998693464040061
cg08460812	0.434297186334095
cg08854834	0.6093439172285791
cg01279933	0.4389763421810076
cg14202825	0.05290699489002458
cg18476766	0.7416184514286147
cg17243628	0.7245903164151827
cg05175318	0.26505879748954864
cg11159604	0.10198925249278926
cg23680451	0.20049139068342783
cg22130008	0.33296381548269993
cg10244666	0.9389931164982108
cg22159815	0.22015291523722907
cg10151367	0.22201842412142636
cg05707655	0.4255658772495602
cg25827490	0.13455235574535404
cg07553761	0.4443435323344975
cg09126090	0.7528143051779034
cg02294302	0.30263680766120477
cg01873886	0.22080566856685724
cg02367696	0.19795179019148365
cg09454892	0.29159785647887326
cg10111599	0.7736628387516092
cg00298324	0.3204196442808275
cg07207669	0.505835514011899
cg08719712	0.10575075374425884
cg11250194	0.39241106150754446
cg07320140	0.3308715749240542
cg27293155	0.5839360600057327
cg15298486	0.1203072475913687
cg01789150	0.08289772624193632
cg24750308	0.46213264110750035
cg16066219	0.12845761710686454
cg16477091	0.135013629462971
cg05800339	0.6817009764663693
cg10592521	0.33535695694767076
cg11269599	0.2180595853807901
cg22517995	0.12476987869665462
cg00827893	0.6929196603042587
cg17571266	0.4896479687265099
cg13756273	0.7202227630778671
cg06057569	0.347415112577489
cg23124451	0.39190447992819577
cg02774439	0.0739410488760332
cg00574740	0.4825425943764779
cg15174248	0.3887904056517012
cg14973055	0.38605347981686394
cg20012366	0.4117127299968717
cg00159523	0.26927029322297197
cg00771084	0.2973602208223362
cg01067137	0.5647544730149924
cg08382072	0.7617824409149477
cg08428292	0.6303806286168696
cg00082140	0.35492839049339225
cg01242348	0.6721944187277683
cg25468516	0.09116467295921274
cg12194745	0.501485142818099
cg04021697	0.09669344153136596
cg01899253	0.18518230618504958
cg08573679	0.12713835425885636
cg23445461	0.08406466336623664
cg01502244	0.6360370030050146
cg02871985	0.15929471048736077
cg05654765	0.3169126675241286
cg26963277	0.8611055977302414
cg25392060	0.35690539369651253
cg13543915	0.6541042196977388
cg04875128	0.1711205439405159
cg18882407	0.13519479329565318
cg24466241	0.21965135775455333
cg24864241	0.20302221218814429
cg13676763	0.5423475986261509
cg07048044	0.20212016659016843
cg27137983	0.13013029478825108
cg21469707	0.9356982944316818
cg02670686	0.2033565051335837
cg02250764	0.4090323146904899
cg22268271	0.07668175559165391
cg24217948	0.5798577232008421
cg03084103	0.17334477381653218
cg01020263	0.12211700246147551
cg15233611	0.3863561597577017
cg16552271	0.29215605418124685
cg09143195	0.15322226494644464
cg21184711	0.4568900312926394
cg07394446	0.07474808344496897
cg23395310	0.3337386396693823
cg14692377	0.17026320685957735
cg26483332	0.1421161495929456
cg05463027	0.13011206523638458
cg15071611	0.03971850201304757
cg26985878	0.5838667390570346
cg02978139	0.6053536967952539
cg11670060	0.17274647549508604
cg22303418	0.26234107945906904
cg14616345	0.47038831411262744
cg11573518	0.3835854701447897
cg22594214	0.7385037098754119
cg15519474	0.782296316027334
cg02607237	0.48297101726191577
cg26751645	0.3599786076635108
cg01963224	0.13540875765653634
cg01644850	0.045471516679191325
cg10525394	0.6126548587761576
cg01750611	0.13101631918756101
cg20533952	0.2103663806666551
cg15404665	0.38446580445362566
cg10717214	0.11671705792855434
cg08661469	0.18481677920827008
cg18766900	0.6950472533845676
cg13389502	0.5426263606518495
cg22178392	0.17909166189094633
cg15924285	0.660166991356346
cg10299976	0.5942961107620052
cg14734340	0.5333047607639784
cg15342087	0.7707511041589019
cg22112832	0.32116609351684805
cg06712542	0.6671843811279061
cg23004527	0.5122814611886507
cg25716623	0.15196785869724877
cg09069499	0.4563984842358943
cg08527324	0.3949402857862467
cg08715791	0.08508820161413214
cg22801913	0.11180668320883891
cg17953385	0.18290246858807618
cg27166177	0.49777699888459576
cg20948740	0.32551605465187355
cg18556005	0.06432211285302525
cg09203490	0.22164343202766384
cg22162281	0.07846238561828942
cg00432659	0.4551707592813111
cg24868150	0.37731387658514703
cg08521967	0.47179224229301525
cg07082267	0.35073701578845
cg23725986	0.2629024624472504
cg18811819	0.6643166171221766
cg08035323	0.27470658022563493
cg19732154	0.08950617615978727
cg12889594	0.7128323472421886
cg07254032	0.20198717911155137
cg07344315	0.6183876573477278
cg05780139	0.35832676334031843
cg17783401	0.08533553251829691
cg15463966	0.1375540186837257
cg01479232	0.4939642187353458
cg18545695	0.33951576322354293
cg12371924	0.5692941246969738
cg15750303	0.7222697538648346
cg05211868	0.3096132735851175
cg19910679	0.3582913500574766
cg07487572	0.6444134223029385
cg11879188	0.5845075817499246
cg18480675	0.5793334137850803
cg04341343	0.21801860286022973
cg16750801	0.1601680539582471
cg17531288	0.4436568977402374
cg11769332	0.09542777029195049
cg25771615	0.05110105986372904
cg08111167	0.12317078738615753
cg10386431	0.511475318233976
cg15030849	0.20772618628788672
cg21611682	0.47389916990034037
cg18253757	0.7419033277598915
cg23688411	0.10524643785283772
cg26147480	0.753195621015772
cg27412975	0.6327801327324347
cg15548101	0.1333194697683457
cg14373068	0.47136388851872973
cg14909495	0.11853986928704129
cg12857638	0.1250668988365954
cg08438435	0.2138898612420014
cg12634306	0.7020397537087032
cg04224064	0.2960045946163033
cg04547675	0.17360873091800463
cg14200569	0.13885615160471554
cg04421973	0.0729389990990677
cg09559780	0.349053345618966
cg10964367	0.08837051598906147
cg26196496	0.6859295135544308
cg14203218	0.40837358713979394
cg13832290	0.73573080814237
cg23854009	0.07333406925907344
cg04658615	0.7434027809404362
cg18676273	0.6415551421691754
cg16904330	0.19541132397772074
cg26729217	0.10229359785433903
cg17440248	0.6577074906445932
cg01396774	0.16352340460371698
cg01455178	0.5711048066816107
cg02983424	0.17041807700026762
cg16655791	0.16697726562167328
cg08005460	0.4044800390045298
cg02923856	0.7024543818355808
cg16047279	0.43765754863388084
cg16745829	0.07199925054559635
cg01794929	0.7204897551961706
cg23461615	0.15730495871502945
cg17480760	0.11373048223034321
cg26804423	0.579958506674328
cg17643106	0.14409814483185845
cg18832152	0.11847409079105119
cg13641082	0.6592465530231331
cg09984392	0.16863940304821923
cg00745389	0.10156880477005308
cg16830930	0.4068752098259551
cg16776981	0.49746494838162447
cg14591123	0.09056534837203893
cg00378158	0.6284370167444749
cg02051239	0.18228448828804153
cg08443038	0.11002311320228667
cg00486113	0.3080640002251479
cg23238058	0.6384834509494605
cg01201215	0.5640803931140149
cg15089077	0.6241879135963986
cg26830108	0.05739089800631982
cg04850211	0.4751750510204537
cg26129769	0.07983101516481911
cg12490835	0.38522678063517285
cg24588162	0.11512074250145705
cg02031638	0.2759418802903698
cg22971191	0.7412403735494915
cg01233571	0.7074731111808966
cg27565650	0.7333789201288744
cg21500300	0.45933912417738754
cg01236063	0.22050983402418928
cg14999189	0.42473744823978665
cg24427724	0.42148236889553675
cg17163527	0.21357282604846442
cg04229059	0.343042528462006
cg06930757	0.3007629605945214
cg18456933	0.5279499882178974
cg15775914	0.4802283420956463
cg19317226	0.7696275067279362
cg05324516	0.6359481825439401
cg06106599	0.7175486697313292
cg05766064	0.17561462441111514
cg25909396	0.7264071790011839
cg11848487	0.2404330518022111
cg15847527	0.6889865057579763
cg19881557	0.6000582177058907
cg07159958	0.24927606292507262
cg12087471	0.7799138994275402
cg05220114	0.5363441267127139
cg27578811	0.21568416838047186
cg18643199	0.6473065107729609
cg01844642	0.3793822288319595
cg20457732	0.35710718318356777
cg15246238	0.5793291331998724
cg17101703	0.3701840149379511
cg01149683	0.4996870654590585
cg12332674	0.30782840670044476
cg09515953	0.13547254139625192
cg01401641	0.4885287357519773
cg13985198	0.1487581703949336
cg25691775	0.7105670921029644
cg12807330	0.8577563434859735
cg23060513	0.6960368008018846
cg00931644	0.716467245367954
cg08129331	0.22730708260622326
cg18917643	0.6129090260709584
cg01172150	0.20101646601105114
cg11489251	0.29722997633572584
cg12453631	0.2193679466277343
cg07708721	0.5675210647260106
cg15610437	0.379992412220452
cg01364769	0.7349390675822086
cg19916364	0.2067908007090614
cg06965409	0.8500299820132257
cg23256579	0.49782821556885665
cg17190891	0.4819356841866992
cg25361506	0.5501787093843215
cg21116900	0.21076723818386028
cg00099441	0.1315094664366145
cg11649376	0.4561735416977202
cg04509100	0.7814673140392285
cg07544187	0.1171039794287541
cg27278843	0.4976427415496487
cg20153322	0.4315004680149396
cg16371518	0.7461203041517328
cg25033993	0.12091749415131817
cg19261810	0.39831615204885884
cg10177394	0.1517133918777893
cg13224583	0.5563549001031021
cg27466532	0.5193751543492033
cg10257332	0.5118128310818246
cg05516505	0.2857029161972586
cg17179314	0.5672069809670981
cg04384914	0.7843409975901426
cg27151122	0.2605441860739472
cg19227031	0.583520819779369
cg26921969	0.21036055944829576
cg24503796	0.10954696682935545
cg02067712	0.1908436743532066
cg04561237	0.10543707416992071
cg13485366	0.4231100426422413
cg02085507	0.5804190020623787
cg23448486	0.1005909657087753
cg08424749	0.25884133867088843
cg06142740	0.21037800095853934
cg04427651	0.35020011778147625
cg26614229	0.1402055978416808
cg04597433	0.20610528729329503
cg03625109	0.17770357193501177
cg08136809	0.266714178273342
cg04291430	0.14803169777885916
cg27561907	0.5323431809137342
cg10148764	0.23142814044384974
cg09528056	0.14111596453499684
cg13697378	0.5990623396191448
cg14334350	0.5726792499127518
cg05901196	0.2713107373348248
cg25482146	0.6128822722904851
cg27139419	0.278720966986181
cg16717122	0.18222494211725704
cg07519471	0.36882948001048094
cg25527618	0.053125386013150235
cg00569896	0.5127869710068494
cg15467503	0.33678533796498844
cg19716643	0.1424132200929707
cg16737749	0.5074023552433828
cg08157575	0.7133430748850488
cg14962049	0.4688854744349899
cg26572392	0.4918797133652192
cg23950157	0.1647885129559207
cg03306615	0.6459212380992518
cg14472551	0.2817864971879685
cg19029181	0.21292955956819062
cg25386151	0.10925510342556696
cg10619342	0.47723435028983313
cg11145772	0.49525708624641906
cg03738025	0.2376705447586316
cg19451845	0.13362367775830677
cg04961582	0.1904733051838208
cg04546097	0.6479598037643817
cg24481841	0.5650795813714264
cg16886175	0.5317875950564981
cg26690592	0.13100044465808644
cg24678137	0.10357237459556515
cg14608903	0.26458639729365835
cg17241310	0.2775769083519945
cg16000989	0.5926070158769707
cg16061228	0.7562302045561218
cg13596085	0.7031947509571691
cg00956987	0.37040889523648596
cg19498794	0.3789085088166758
cg18806997	0.13705993626610147
cg00213052	0.14909897070909736
cg17161718	0.14568941348591824
cg06469895	0.45001707357506865
cg20872692	0.8329929019775978
cg19459791	0.6268026496807808
cg03743982	0.37697086858740614
cg10012394	0.0727045251483743
cg13046853	0.3698518462574864
cg10424974	0.47362953204304714
cg07250214	0.4795139312844182
cg03581459	0.2929305224994167
cg04273422	0.13148898665232106
cg00878605	0.07936775404517267
cg26937148	0.10361273902132939
cg04326337	0.6271710999900073
cg01498832	0.3668649794585933
cg26914205	0.5621224695302668
cg00103778	0.21382832642424132
cg22851200	0.5350170929349646
cg03468072	0.2840944762596776
cg22222644	0.6420902507128896
cg13921352	0.07294545471727476
cg22900415	0.12276551809937988
cg24883498	0.19811765260353856
cg09593454	0.7824154546064074
cg19127283	0.05374212579377881
cg15736743	0.42404861299531116
cg20010135	0.5534532621969815
cg26675395	0.5088379533376133
cg11468085	0.4478827298914847
cg09935271	0.3870441022830601
cg04078896	0.0788273584871798
cg16038120	0.15236960802884136
cg17804348	0.49666712639990296
cg23448998	0.6141936439951116
cg09285095	0.09257148915224131
cg02807849	0.6010494178414932
cg20505457	0.6324301635087853
cg07573872	0.7153265903760356
cg17837191	0.32641415085143494
cg10152449	0.2558591124152168
cg26567688	0.4286238098227075
cg22197050	0.14799779579567088
cg22957360	0.7946080249489268
cg19594666	0.5071635588771759
cg19408882	0.42515266869235757
cg01757168	0.5675807421785042
cg26058502	0.29392890122133425
cg08169949	0.14027441870161672
cg00908571	0.5925832015022076
cg20252022	0.0725274254301424
cg01620785	0.23227705175787144
cg16313343	0.1257133220787041
cg13649056	0.14352537285899614
cg16373217	0.6444084945037607
cg08548500	0.6138393701740834
cg14556303	0.0448288662569469
cg10184289	0.30520615730590955
cg26916576	0.9530285330125242
cg11336887	0.42540344097925453
cg27552679	0.14450207126993606
cg08951051	0.3859953962080751
cg25383593	0.27953816547667165
cg05345823	0.906143829361987
cg14560699	0.5785508163572867
cg07211259	0.17272320399031918
cg08952306	0.583728716608719
cg21186299	0.044504145976247654
cg11661281	0.458696033088184
cg21296230	0.1601336461741608
cg21899500	0.4862272468269155
cg08813062	0.11903833255800424
cg06687489	0.1884857567419607
cg01901466	0.6187638193216428
cg06700146	0.11286250971381358
cg25744552	0.3284536287446953
cg09224393	0.6934514554833895
cg16181396	0.14171966282632234
cg15903032	0.3861664951144511
cg17025683	0.13207059236407076
cg13673164	0.09227891577627527
cg01141812	0.17450541037627942
cg24125828	0.5737426523970568
cg08499881	0.31655212472879746
cg26589785	0.1692382718415617
cg20222519	0.3267263762441827
cg00986133	0.489530848727228
cg03162994	0.5682938558100423
cg19977966	0.12838699584184576
cg24711649	0.0793397853245937
cg16226962	0.23445414149889768
cg23172853	0.36109306990092194
cg06073351	0.06846457092815184
cg08541518	0.1522631006662729
cg17444747	0.38328608516532314
cg00771722	0.4441193117415765
cg26725076	0.35163494315453514
cg26003909	0.5864875792669082
cg10253847	0.14360561236655145
cg06889971	0.780424823152769
cg23855986	0.8149480377216209
cg15953461	0.6221417100189897
cg04137490	0.8764284524392053
cg02739280	0.7892127697283865
cg20319926	0.237289879683373
cg14188401	0.5725051422909673
cg14920289	0.3841678486481674
cg05552874	0.5211299820752583
cg15801019	0.421017931658112
cg09315264	0.550433448206639
cg00124375	0.20811397178378077
cg23740758	0.6082401271623544
cg05404236	0.2830721772151749
cg02867242	0.88287496468535
cg19663246	0.4655494323766796
cg16395997	0.5484176636438275
cg10674793	0.6252836465513907
cg20251225	0.2453048675658084
cg07675031	0.3458234606954
cg15254559	0.22586200438680515
cg00548708	0.1559197898686687
cg08018825	0.17611821758887486
cg01352586	0.08174214351712124
cg17890940	0.7826231005483109
cg24928391	0.10394506196836735
cg16990168	0.20964936116767863
cg27252164	0.17472391207708052
cg10126181	0.17224159412452084
cg11638399	0.30184947515902616
cg04400972	0.1869244590800411
cg13588023	0.06717731752252142
cg22967717	0.3281670453006356
cg17706411	0.2765835313757065
cg04907244	0.14415963785703337
cg25090514	0.07640546066289038
cg24476103	0.532146337913923
cg14780255	0.25529836985603316
cg18854666	0.452777950079736
cg10159215	0.06482737718458863
cg07875215	0.47529236193475993
cg06430220	0.3549177442059675
cg16743273	0.6944900583445349
cg10835286	0.30951586802084985
cg23904955	0.6301267203754216
cg18315935	0.8370952601368299
cg08079908	0.15002002049348787
cg09848638	0.7609320794012686
cg15133018	0.09118579350393624
cg08441138	0.234758106402497
cg27306913	0.07507447028128092
cg20072171	0.06437815797831349
cg26845300	0.1376162336174768
cg02773945	0.0840646810983716
cg02606403	0.11755535790957475
cg03120289	0.054821796397893835
cg02792538	0.11528785007912522
cg14162417	0.484626048062455
cg00711496	0.8435728827072585
cg01321174	0.6171959406827381
cg00779065	0.18866209799931774
cg04632887	0.4885379425734376
cg05273302	0.4552139242113571
cg26110883	0.10639635573792515
cg12061886	0.4494056215754807
cg11900509	0.650007663828705
cg24119717	0.5712364385064612
cg26543112	0.1848981389168082
cg22076941	0.47101090436282156
cg04873098	0.6349499593900559
cg19761273	0.20313941685107345
cg11124652	0.560835350943295
cg07005055	0.091738370422267
cg06620993	0.42833092196715233
cg11342234	0.5403101402489755
cg25778262	0.30331140281207725
cg03766264	0.3328490126960304
cg26902279	0.6939213911994673
cg07318627	0.5088185174083899
cg11025604	0.4512368918475844
cg13322252	0.22126008225114283
cg23918296	0.6326254970668167
cg26311262	0.2786759318324659
cg19589396	0.6047166983928999
cg09410607	0.04543180577192729
cg13929658	0.6746256531780912
cg17804886	0.6365962269563379
cg14228484	0.8316595517266199
cg24231380	0.7477063175202392
cg24116779	0.5060217177450371
cg04955914	0.4748836690051744
cg21632975	0.24375480801326313
cg11653233	0.302385760073115
cg27499860	0.14788517321243844
cg06413398	0.25020391731910835
cg00459119	0.6716758903703497
cg15205547	0.10332743745332668
cg02050426	0.5931761983177142
cg04908625	0.3140250699724366
cg23603036	0.22546999219827002
cg16941122	0.4149101691261666
cg16644497	0.05435465887209288
cg22928637	0.667903026245773
cg09520857	0.8554044064125071
cg14392653	0.7415921931857017
cg24350475	0.44733909917845377
cg11326429	0.5494987819339129
cg13498289	0.04637488171486138
cg05991454	0.16401773430432642
cg10947146	0.08973301659109884
cg21303039	0.4393413678874424
cg05371578	0.1802296817235331
cg09019635	0.7171126630952238
cg07147364	0.09324242695026493
cg08586913	0.7342009548913798
cg21867345	0.1657670573427474
cg24683414	0.08663070601200983
cg27587195	0.07417073361840681
cg04419610	0.11252722438064122
cg07657357	0.503475345745112
cg12590902	0.35705370377623485
cg00220952	0.041419889002532566
cg16767506	0.5771815090990791
cg22576236	0.527724502911654
cg05714552	0.4207546627753286
cg07101980	0.6222786565029369
cg08122652	0.6757916805564422
cg05915866	0.30211065093375866
cg02254885	0.626382583807287
cg24730705	0.547421579406881
cg16146033	0.09077705582219765
cg00823843	0.6440773539642889
cg14632729	0.15601194931253476
cg26861995	0.4340574924520537
cg14485901	0.572062333586399
cg18730926	0.4817730325390784
cg22075146	0.40297268280543275
cg10681065	0.3186107641240325
cg05569328	0.1777912278722695
cg02722637	0.47560283585824653
cg24334174	0.8038085728422765
cg22994198	0.30628356945261564
cg05442902	0.21973273187613565
cg26833936	0.3071051316292183
cg00866476	0.2022767792546495
cg09187107	0.4998149679325069
cg12307638	0.6935049761447951
cg13285174	0.5264512084434154
cg09990446	0.14331746350365773
cg04977528	0.6226503725173395
cg06493829	0.07291816684411154
cg23715749	0.3362632806984696
cg13828047	0.313356816906563
cg24891133	0.10600210849683542
cg23761815	0.6473542285850727
cg26027669	0.146655470992243
cg04940570	0.13691430272821548
cg09082287	0.14152645535000466
cg04748223	0.5367611019807247
cg20493718	0.828217300659171
cg09580336	0.2814370584399966
cg12134570	0.11363912130987457
cg24263283	0.7296385411174977
cg07135614	0.15507440307651507
cg05236677	0.09626221494330357
cg23045972	0.5046160858326383
cg01429360	0.07999482166993226
cg12451153	0.06445153878818927
cg17736772	0.517990294723236
cg00232500	0.665228389957467
cg06031268	0.5999080584058937
cg26421997	0.5218866670830696
cg01620164	0.6084319298627597
cg27589809	0.6076566889804735
cg25078444	0.12844989381973734
cg14674720	0.17902939049267852
cg03311335	0.6285108316118109
cg20299697	0.5722413073195083
cg08405119	0.30342886271632297
cg01055696	0.7633753228666624
cg24714905	0.1517696498459729
cg20797216	0.5248664180019509
cg18680834	0.6293058924485792
cg01264729	0.5601380837060791
cg27569829	0.5515147101511336
cg01276475	0.12774594663220845
cg15900052	0.6490626639146745
cg10501210	0.6998950526289454
cg20584732	0.21563287844596363
cg15818008	0.319323131879156
cg13026550	0.8561455018920945
cg04794690	0.1672372699138078
cg20601192	0.8757506666344456
cg07452306	0.3109901795167399
cg19470159	0.07103739454057593
cg10072464	0.7492740074506221
cg01235820	0.5635280270004379
cg23450972	0.7266244633769587
cg18384588	0.8144043832927853
cg26955383	0.191980445630557
cg15855170	0.21697737440359122
cg03916421	0.520037589607891
cg12655542	0.22110706693150367
cg06749872	0.6605637707859005
cg17280134	0.6014934288861701
cg06832008	0.29557427432507
cg15996534	0.5600717459530291
cg25782440	0.46263767666434236
cg06571407	0.09883112173358824
cg24105685	0.7599646613751758
cg27287951	0.906309180835861
cg20625138	0.7039999220189158
cg16347155	0.36602358180999983
cg14227558	0.09564986323740189
cg07303143	0.06679207972209661
cg03102841	0.4889555454085646
cg11826475	0.25403887673769304
cg20923885	0.49589126255296817
cg22282672	0.21238228647276894
cg22586405	0.17779897599672256
cg23218354	0.6971145360809886
cg11189107	0.3797696010055542
cg02328221	0.649552766711739
cg06440946	0.09899893678615242
cg13663218	0.14028692191856748
cg08118908	0.8834823212729911
cg22438810	0.37623292672496067
cg26219540	0.21399931809666492
cg23753748	0.43906312542032994
cg02351804	0.7275848278638055
cg19075225	0.9091041954783318
cg19769080	0.3422154634075051
cg23949216	0.7474732984470067
cg04086097	0.21500219126729436
cg15154047	0.4903913774143985
cg04894619	0.05567189991959834
cg18214661	0.2516801147951253
cg04331189	0.7907234731091148
cg26980000	0.5034232750116077
cg01255465	0.18728665009896925
cg05238069	0.11995602500034136
cg00352652	0.9466214552025529
cg26918305	0.7815447699489926
cg13849525	0.17296085716273324
cg06818777	0.11105889689695927
cg05425754	0.1037813619352213
cg25450819	0.6686921082405396
cg21563471	0.37146658439430025
cg17373759	0.5553315627705719
cg22521333	0.9355404363793959
cg16497398	0.7560843117220386
cg01426818	0.26775320037428335
cg05812089	0.2721081520534442
cg04497992	0.7634222640459237
cg03471047	0.13466614873673588
cg15896978	0.5843414173621603
cg19179801	0.11408040450404741
cg25410668	0.43539934342217224
cg06815976	0.4477714275393185
cg02506767	0.7901944895137762
cg10003262	0.4249148976908041
cg24705158	0.5601094948238272
cg07495704	0.34593797613376537
cg19343530	0.07422529152001239
cg06532163	0.3037566607517685
cg08280341	0.6425586142516488
cg11026555	0.05691659778045994
cg19140429	0.5643010476805718
cg06405563	0.3959837262644199
cg04439241	0.08219854377807767
cg11909748	0.35219910193379117
cg00990385	0.547329145325863
cg15600935	0.9219813026926402
cg04999352	0.1632959209383264
cg15246619	0.3318043349902629
cg19928703	0.7731590205881813
cg07095347	0.2706311503259305
cg07522194	0.8803614863942656
cg17471062	0.32024338677258585
cg08099136	0.2825713721732892
cg11007075	0.4236245958667716
cg18929814	0.5969926605304169
cg11001739	0.8757172758195868
cg02723533	0.9742816494776995
cg14546394	0.0634917114470767
cg09840968	0.06921935594623792
cg19223119	0.3683814042564171
cg04700930	0.5889552345448644
cg06145800	0.7595005879683218
cg03508063	0.39822555072767407
cg09482050	0.6459434953912675
cg20305024	0.1242223668776585
cg04477962	0.541539184690016
cg26917540	0.13522601608723198
cg20674658	0.3152927629248048
cg17156534	0.36023943558869614
cg26470501	0.4354095697917026
cg19396666	0.4881779900573164
cg20364512	0.6964965177782897
cg01528542	0.5160969280236531
cg02495310	0.09640054927163691
cg07642566	0.1335147007161641
cg08387014	0.881869192009312
cg14992524	0.453828138628712
cg24807889	0.39180494404168775
cg02796545	0.1157177687661511
cg07060551	0.15064029514473629
cg08620329	0.6988068817239798
cg01450566	0.4485062013131367
cg12965421	0.7209630523909936
cg18358723	0.16941318656154325
cg04863713	0.1032295602156987
cg05816193	0.35291920095218043
cg08327269	0.05714907845862423
cg14343513	0.580911622949362
cg09287629	0.26375846886050314
cg21570988	0.21439402705610605
cg07125256	0.7422631776580374
cg03541887	0.6072108509265407
cg01580888	0.10706204216173894
cg22156456	0.17151838513697082
cg15110296	0.3390184101700722
cg21491609	0.563106100424022
cg04761746	0.4485345921419824
cg15857661	0.5084572222215935
cg13590277	0.47017674628190104
cg14849578	0.5497912326751543
cg10276227	0.06729992122694481
cg22894896	0.4799374071818795
cg22434594	0.41358563999437525
cg09614389	0.29472024605830394
cg16764274	0.14850425524485833
cg19962990	0.13599655917509887
cg05053979	0.5501102263998194
cg14025336	0.10187850218053887
cg18780412	0.038837390926952015
cg23934927	0.05642148262785875
cg11614536	0.16112127112710384
cg14597067	0.5257112191998119
cg01106572	0.5937641195069809
cg12077460	0.6190840903882587
cg08708229	0.08059250696757524
cg18043267	0.1822234790150945
cg00001583	0.09921163748993546
cg12833118	0.64465060733334
cg24724428	0.23626554908893108
cg04462774	0.7906265279154504
cg23303074	0.10903152507645043
cg18026631	0.11259155696178874
cg07629854	0.0906852311366588
cg04605980	0.8047682709906128
cg03096732	0.10514226464585318
cg03614193	0.27982916004081837
cg16409562	0.6026986968155232
cg01366595	0.060423959878852795
cg00503447	0.5115965124526886
cg03467555	0.4037539035393831
cg06488443	0.12064335392301423
cg07207652	0.7083610333480159
cg16292768	0.5069780378999881
cg07629125	0.5739191152962791
cg23956238	0.10282775295671533
cg11885433	0.45398164377578937
cg12688576	0.15477945594642098
cg23606718	0.161745527552436
cg02810967	0.38431250579215004
cg02098619	0.1798772646479137
cg00753885	0.6198191398846054
cg12103152	0.09435083763018809
cg22557662	0.12272852155053497
cg08965235	0.1810534351611165
cg18560204	0.1502171341637583
cg16464007	0.6807114433790556
cg00254079	0.055447437168897766
cg01841306	0.2899962726477132
cg16867657	0.6185678463455154
cg09438075	0.6234214829024575
cg19497511	0.427334130670085
cg11997468	0.5551619884676263
cg16728846	0.5809130816543844
cg02915920	0.4835682775439432
cg25703784	0.6032619644207742
cg27075187	0.025168541364723036
cg12422761	0.1138285668345295
cg14494090	0.2849538607795154
cg05142617	0.27457462336285055
cg02977443	0.6846008796128814
cg15900248	0.15768523751942234
cg17431952	0.5899780782484758
cg16609872	0.6144782236346834
cg04975617	0.18975095153323607
cg07357683	0.6300648003267153
cg27375378	0.3152570487562421
cg20491914	0.3091693242409202
cg06836849	0.058891233345453875
cg21495653	0.11643722983057944
cg20426994	0.1216607224500046
cg05851395	0.6849229082108489
cg05412028	0.1798446637620694
cg17940013	0.13158491358455296
cg14338526	0.791801798463657
cg05578840	0.18425387308383268
cg10002915	0.4918173824863522
cg26166595	0.27872511720338566
cg01281911	0.10237653342137853
cg14782678	0.45177981913283877
cg01867395	0.34894709052440953
cg07374224	0.5456459893571948
cg21700772	0.588590261357566
cg05213896	0.25131774096272375
cg12686055	0.6816019175202592
cg00659931	0.6624748939911603
cg03933990	0.10839584613069315
cg26746573	0.3734604639677849
cg14716095	0.4377133820181533
cg27034466	0.504166040945326
cg07739179	0.36380660591198954
cg19583819	0.1428279274903528
cg20462883	0.23781326318291618
cg07742396	0.3787298500656557
cg23752923	0.04418538082724104
cg07408456	0.2766773410123077
cg09881842	0.6577960094885793
cg12681784	0.803078358159272
cg25580656	0.8301617143765354
cg00686880	0.1893367756431335
cg07167185	0.34295612488014093
cg26663636	0.9228866080434212
cg08183425	0.7233319616792613
cg13785123	0.5069084901105491
cg09050670	0.23702658900246662
cg01154445	0.13819590920846478
cg24880818	0.4704348877462723
cg02991558	0.6610827182704647
cg27640528	0.6171151322631331
cg21383487	0.12819766172737523
cg10805721	0.20237481588860168
cg23556574	0.6845092517737629
cg00688820	0.7187925883640413
cg16579893	0.08069147000406475
cg05349062	0.10474672428069012
cg09085220	0.8905176975657115
cg24358781	0.7790659101202648
cg03539717	0.46099863002701946
cg15616915	0.35157979881263424
cg24750513	0.7135310230018052
cg27062571	0.13120486431583156
cg15457899	0.14057058269933087
cg17326555	0.2277140893017832
cg07547549	0.2962012083650927
cg01087254	0.26727380861349526
cg12400336	0.07787762571507004
cg13832604	0.6860110083612493
cg27427318	0.4050547108700358
cg11317199	0.44042172648236766
cg18807071	0.07870815179015926
cg00793186	0.22957780114332846
cg01993818	0.6751756064440946
cg05395210	0.21414925279690414
cg00602326	0.6131395189227766
cg04084157	0.1258742610420856
cg27640316	0.48167220176786474
cg18473335	0.3827402251527976
cg11950754	0.5598485890790202
cg05934592	0.28994698795970403
cg18343474	0.11886908369020807
cg26844246	0.2531379931334589
cg06154311	0.5867882055257514
cg11127915	0.20449293529146317
cg08380252	0.2528131960721536
cg04596060	0.07860457344237645
cg08004014	0.2616955776474325
cg00639635	0.47563538654867416
cg19137107	0.6569208484007333
cg08377398	0.04918328090404967
cg12776156	0.2135095424786758
cg25320169	0.3966411845597375
cg10900641	0.7203783764258669
cg22985172	0.5813161752698831
cg04643969	0.21551272205537117
cg08125503	0.267662277528907
cg06458239	0.10574209821276552
cg02724461	0.8448538226118946
cg03167948	0.6648047620548262
cg05110943	0.23124563542386367
cg23016129	0.14776315735852924
cg03517776	0.053034969973645166
cg09310092	0.2845858420130358
cg27064708	0.4033596418472229
cg19821713	0.332012694509396
cg22579114	0.5022102858058183
cg21871330	0.5928106166837778
cg06810647	0.18505402867766765
cg01877778	0.914771928861328
cg04376782	0.7401030820963806
cg04440361	0.6325589623122713
cg00088797	0.5952577600124992
cg11705975	0.4556626720729888
cg15728256	0.12017566821022796
cg11970204	0.40226325135676305
cg04845871	0.24850121117011906
cg23869743	0.2042262791715501
cg08334899	0.13427719990745018
cg22811647	0.46140390145516136
cg00144186	0.09734376345928611
cg02685286	0.6943377551811165
cg05216814	0.0854978402913252
cg06473363	0.6937017727036782
cg23039195	0.12448638083782754
cg19147415	0.10654847820962074
cg13033938	0.08044855650281232
cg14014799	0.14707332289383512
cg10636297	0.4622146356019092
cg22039458	0.09076581736991586
cg06829968	0.07125898389628205
cg17010827	0.6660187716020095
cg17261675	0.6617358613498441
cg06711259	0.7563072809795336
cg00501876	0.49130750415697044
cg26161329	0.1986128106545156
cg03470094	0.09480425942530213
cg16481791	0.10291418974636198
cg07430472	0.10375563451700423
cg08684991	0.5394428225612321
cg10436410	0.674986896527138
cg13278496	0.10157755269493976
cg20097219	0.7585575206453148
cg07135732	0.098117948504398
cg22708738	0.1627338968225945
cg12627844	0.37725351059768064
cg23208717	0.6913122714343173
cg01592801	0.21806999800499158
cg02533423	0.14028601812321528
cg26305504	0.5836113515205891
cg19756313	0.7565482427320211
cg09292354	0.6815398040135532
cg12155963	0.08315941906569634
cg04749507	0.40660770195259
cg18146737	0.8933583544431777
cg03938043	0.6165461694725599
cg12003483	0.0807448823805781
cg20697025	0.16853793386371213
cg05251190	0.3748290334604397
cg17694795	0.17864184965229432
cg03536711	0.21985775202972563
cg27338353	0.31903491815335827
cg14176088	0.17178499711641615
cg13182599	0.18958354683835324
cg04501188	0.06200318356858864
cg01799015	0.47254707797978046
cg14447608	0.6909052615436829
cg06503286	0.8267241016923763
cg07440264	0.6143892865239473
cg12183861	0.49626706199856807
cg26152923	0.17165030483310878
cg25618424	0.4803911198386083
cg16938363	0.09367768683504583
cg03957108	0.10468282315408185
cg17540765	0.610920830211894
cg25453381	0.17405536214420006
cg10538146	0.36137273841194617
cg21483700	0.07497936088066451
cg08038054	0.3480856415580781
cg05295023	0.6772628541798572
cg23370589	0.15822527620953847
cg11310693	0.8069980869137965
cg19499581	0.5687202639876544
cg02426324	0.6259350223742
cg17243289	0.14238308653159165
cg10059056	0.21901552677649302
cg16371032	0.08337212744866263
cg02985445	0.6687572957273581
cg23051349	0.3094071832534276
cg08039301	0.1512416153461243
cg27443567	0.7033468150357548
cg08644381	0.4568919876300795
cg16762684	0.06601487477618612
cg00024494	0.10692185613934606
cg27455578	0.25611681212046356
cg17415650	0.6481087929914794
cg25276892	0.6801316421731948
cg16312514	0.30604638900351416
cg14359680	0.19523398920524213
cg02932780	0.46570329283865697
cg26763486	0.5439812818742147
cg00747849	0.2532147887138809
cg12554573	0.577368520811879
cg04328762	0.0771257384830322
cg13716321	0.5982740244966763
cg10499974	0.3998741108497576
cg25235958	0.7742669456339925
cg17790928	0.2278498725449187
cg05346491	0.43366393041785745
cg09868768	0.477084317909548
cg06981309	0.3715364826037158
cg20660269	0.06236602898511042
cg02914652	0.37036383142034746
cg22897615	0.18243593597479413
cg24251135	0.32196039255492737
cg14781189	0.16964900153167206
cg17729667	0.13148931922013674
cg24024660	0.5494188997092568
cg19760651	0.5244322023155877
cg10554624	0.5529454985977383
cg17172331	0.4043370185775436
cg23040424	0.5346543742240407
cg22728904	0.334868451907666
cg14562426	0.6153121366898956
cg21579239	0.4218609257459971
cg04101060	0.543399139864367
cg18052274	0.3208756367400588
cg18462381	0.7970831979263303
cg22820364	0.4980426886864552
cg02512920	0.20058093512469438
cg15638292	0.6000721943210584
cg13523236	0.8983096270275002
cg15557036	0.17940914976952174
cg13944685	0.6731819038338035
cg10376286	0.2585534093462847
cg21713473	0.09244769935450377
