Variable	Coefficient
Intercept	3.87249881475691
cg04358214	0.00353932605182213
cg19623054	0.0268299645597974
cg20533952	0.00472457297241404
cg16750801	-0.00467631441551807
cg00124375	0.00468359330750872
cg01610165	0.0244270361687315
cg02741882	0.00391294087571828
cg02773945	-0.057548938401432
cg19915582	0.00596273271979167
cg16969368	0.00564570109506415
cg04503319	-0.101680438433704
cg01281911	-0.0231311205750519
cg15614119	-0.00192817727524278
cg22866825	-0.00330210132967333
cg22272840	0.0023847354340381
cg07357157	-0.0200812114088502
cg21322436	-0.00584465125867319
cg00931644	0.0151075448298354
cg23520688	0.0310595206557974
cg20164887	-0.01113394889475
cg14381448	0.0115929817020454
cg07806886	0.0181761391852508
cg25090514	0.0743397782635191
cg02928699	0.0241694207773142
cg09432590	0.0268282015895832
cg09105193	0.00538341237142437
cg24643922	0.0225471473596996
cg22557662	0.00632309584996619
cg08915171	0.0188098474667487
cg09776718	-0.0283920469012171
cg16751357	-0.0117155632484552
cg00147286	-0.0142998350340162
cg11606444	-0.00488806145842624
cg13033938	-0.231641939361997
cg12173150	-0.0112575582013291
cg26161329	0.101004499471554
cg00298324	0.021127497186362
cg27093143	0.00521441988809212
cg04972348	-0.00255867425495801
cg23606718	0.0807201038144748
cg08813062	0.00825391615756105
cg20994660	0.000715458350756275
cg13785123	0.00224091818066817
cg05351257	-0.023682265179832
cg01405582	-0.0504843071080884
cg10151367	0.0206726388631299
cg27617225	0.00707736019377131
cg09476997	-0.000383358208825157
cg15033140	0.00421315672564377
cg04945331	-0.0301762169758861
cg27344587	0.0141714700595073
cg03306615	0.00794655908212408
cg24505618	-0.0140239530239739
cg22796507	-0.0314725386563977
cg05714552	-0.0316717134011517
cg19451845	0.0151560786050267
cg20809087	-0.0180115313074217
cg04027736	-0.00533282346526257
cg02368812	0.00179666248426778
cg04324758	0.00365835384133184
cg15906794	-0.0168588394960689
cg14704921	0.0276966448684288
cg23424933	0.0191442863091156
cg01993818	-0.00382489424952552
cg16703882	0.0374734769568676
cg21927946	0.0871711696210146
cg23904955	0.00212160758889396
cg17384889	-0.00346476673235377
cg09984392	0.00499976282782706
cg27558541	-0.0234602084862604
cg22382836	0.019115013142368
cg25677261	0.000375686717400091
cg25541528	0.000140141390224789
cg05575921	-0.00318638790039876
cg00175344	0.0178844718686741
cg11039694	0.0182502339246535
cg01620164	-0.0183887300059421
cg00135497	0.0086633251960645
cg00593900	0.00493410559833215
cg00664406	0.0169454140506254
cg06473363	-0.00915296195407266
cg25458175	-0.00367889534291894
cg04462774	0.00996970059762293
cg10244666	-0.0189748553783827
cg23039195	0.00538993794219292
cg14439622	5.80459045707163e-05
cg04632887	0.0136540987567821
cg09848695	0.0424596431110471
cg27075187	-0.0511341278866106
cg25827490	0.00158928895449938
cg14481208	0.00476737002015618
cg00099441	0.00120304732438743
cg21330896	0.0026612347552703
cg21570988	0.00215809162529919
cg18615457	-0.0243903713709835
cg07678904	0.0618205213931822
cg04086097	0.00713650868667414
cg21467614	-0.0203761182586376
cg19227031	-0.00149736207648409
cg08927006	0.00233231672396071
cg16271600	0.00329518452376785
cg11581706	0.00614092398888072
cg12497914	0.000895047873654557
cg05991454	0.0153216871187946
cg13070763	0.0481004345401894
cg01589860	0.0140238929033108
cg04597433	0.0001582058087763
cg19127283	0.00707854656210432
cg05213896	-0.000870797740925443
cg11324116	0.000829108572620726
cg26890189	-0.00649509546735702
cg15728256	-0.0058987559373265
cg08620329	-0.00957022609944806
cg26775087	0.024503368246112
cg04400972	0.025262816417205
cg10072464	-0.0015858333446656
cg11326429	-0.00631279918728756
cg09867669	-0.103751071462064
cg11997468	-0.00333249162484154
cg08540945	-0.0239442966340155
cg26612409	0.0521126845578098
cg05404236	0.0170044026161392
cg15046818	0.0534188830522664
cg16886175	0.0094464377714118
cg11827910	0.00418756089742402
cg13246235	0.0041954128251199
cg04748223	-0.0132558489171792
cg21570209	-0.00153698214325097
cg15027907	-0.0121355607075187
cg06782035	-0.0123400378072538
cg14920289	-0.003625766883318
cg12077963	-0.0167705396174128
cg14200569	0.00353248669420588
cg00823843	-0.00628275374802389
cg12332674	0.00163104355487192
cg22708738	0.0190892886192105
cg07207652	0.00854903862536495
cg20918393	-0.00286332700618844
cg13247398	-0.0267661751217484
cg15311822	0.0572506164026845
cg25482146	-0.00836682313793554
cg01885071	0.0012730616133654
cg01022974	0.0147150504346798
cg18406197	-0.0174314933598691
cg13673164	0.00710794012940338
cg19717773	0.00840878703790528
cg01435643	0.0125808481712323
cg02891728	-0.00550369253766651
cg10179004	-0.00155547399586968
cg04937184	-0.0102590908038472
cg10071824	-0.0114403769927302
cg00352652	-0.0469086681183555
cg23461615	0.0105716890156684
cg19809499	-0.0733103728195901
cg18419175	-0.0197005088201582
cg26665035	-0.000987026230493491
cg20491914	-0.00757411740567426
cg26348487	0.00199535212469518
cg20315346	0.0397587562316706
cg24531022	0.0291529582612896
cg16745829	0.0204169746037599
cg12889594	-0.0458944167766471
cg26967842	-0.014090376594871
cg03527802	-0.00499834755964414
cg00220952	0.0123345540239617
cg26675379	-0.00804325397326826
cg01444397	-0.00336405789649348
cg03541887	0.00494487658398609
cg21205288	-0.0937091864209709
cg07739179	0.00443386373851977
cg17801295	0.00817823789990819
cg14871932	0.00284813963083928
cg18146737	-0.0067895835308325
cg20426994	0.0539916073645466
cg14315334	-0.006080030155639
cg07336350	0.0223317058200651
cg23586996	-0.0137330001320061
cg23781334	-0.0428241047918314
cg03485674	0.0151071375258772
cg15638292	-0.0110626040931828
cg09320690	-0.0429312421375359
cg03120289	-0.0219821967713592
cg15876825	-0.0315044947087101
cg11766468	0.0548496911216045
cg19220719	-0.00400587863121835
cg26656658	-0.00779000031074008
cg23995914	0.0217648346435612
cg23543123	-0.00273112595331124
cg00548708	-0.000928197977597593
cg13588023	0.00836065455482268
cg04027548	-0.02244180293968
cg26307926	0.0284299576315921
cg27376136	0.0153306300011026
cg21558509	-0.00576531403984924
cg21158737	-0.0604380253921352
cg23040424	-0.00842483070221183
cg16909962	0.0638318694117426
cg16659510	-0.011950938868207
cg03025830	0.0263764325553675
cg04501188	-0.00129284603831937
cg17329494	0.0022212592228784
cg06965409	-0.026570458303173
cg17471939	0.00830145095778397
cg01867395	0.0363113952124026
cg08424749	-0.000940268425636383
cg14036830	-0.0190009634868474
cg13523236	-0.0398230796163514
cg00159523	-0.00485904374703404
cg26916576	-0.0500793341949713
cg24349631	0.00286784578636472
cg24231380	0.0207409860972005
cg01592801	-0.0117642748592614
cg11183227	-0.00323846725796132
cg08136809	-0.0159810626831398
cg11609556	-0.00729008561575952
cg21709871	0.00637777444050479
cg01723606	0.0186308397563952
cg14441480	-0.00539430489403623
cg09848638	-0.0174496684109698
cg22139166	0.0177707859552743
cg23079012	-0.00321993619322642
cg22994198	-0.00137314914279985
cg16419235	0.0617343408301759
cg22821289	-0.00692480161778205
cg22521333	-0.035961878440003
cg26445541	-0.0155422937034269
cg06889971	0.0175116477451512
cg03575969	-0.0186175711967048
cg08061524	-0.0426140952274029
cg08632909	-0.00143721279565393
cg17243628	-0.0284488404183483
cg12546181	-0.0664624318694106
cg11071401	0.0464789871543407
cg13381984	-0.00827548485212691
cg02631838	-0.0217338257705463
cg08621778	-0.0121626750128796
cg16284674	-0.00212934354919987
cg12227172	-0.0433237870011282
cg16743273	-0.0115133931419676
cg26664161	-0.0323986100773226
cg14644204	-0.0313966670128223
cg15441416	-0.0036980102955323
cg22821355	-0.00356380688133225
cg06594404	-0.0138907984154089
cg06893273	-0.00454619865023067
cg15243578	-0.0414028080670671
cg09434500	-0.00770804025368399
cg09050670	-0.0021247984230598
cg05997730	0.0063036512640472
cg26307359	-0.0284944789156261
cg21869046	0.00624209440469953
cg17441377	-0.086566609093159
cg12589298	0.064448435760044
cg07201996	-0.00131409255902019
cg26354128	-0.00347114520305326
cg25778262	0.0106003401100282
cg06744585	-0.0348940410225531
cg12428514	-0.000343778438020396
cg18956549	0.0469907532141268
cg14811319	-0.00349295590928831
cg24724428	-0.0325233695672453
cg12348202	-0.0186737720189509
cg19140429	-0.00515855084619218
cg22608646	0.00770511282189252
cg27561907	-0.00263207742161211
cg23189410	-0.000401120060085256
cg10372921	-0.0174244975374191
cg24695071	-0.0125381368579785
cg03442712	-0.0208495357285741
cg17469479	-0.016151313501797
cg19977966	-0.00195570539462932
cg05412028	-0.0979333345922327
cg07895132	-0.0155452521260943
cg06106599	-0.00100528773900376
cg19163067	-0.0021352329836793
cg13285174	-0.00181027038674642
cg18247055	-0.0182727642673882
cg27578811	-0.0101979510929231
cg00254079	0.0118683884961112
cg25580656	-0.0305518333970262
cg13026550	-0.00698453353597573
cg08787968	1.7584288869048e-06
cg01120509	-0.00563384868625963
cg22985172	-0.0122780237683152
cg12468774	-0.000342071857880568
cg14858786	-0.0761457165568939
cg24612059	-0.0423793630649208
cg01135780	0.00891253301064583
cg22957360	-0.00380875008999821
cg18126442	-0.0142838125633518
cg13983686	0.0265715017708546
cg12978040	0.0118205440881113
cg24159247	-0.0339294079684385
cg11001739	0.00380654101059332
cg27287951	0.0329645268967332
cg09854615	-0.0482349412388325
cg23328622	-0.0251576268175924
cg18034295	-0.00831099875826926
cg09482050	-0.0122676652035978
cg18468088	0.0701677893058911
cg09578937	-0.00819865096386303
cg19025811	-0.0246716387213188
cg24880818	-0.00199131276509415
cg27466532	-0.0461038818313266
cg08079908	9.4823177763457e-05
cg25967031	-0.0122470066922787
cg04419610	-0.00811140361456379
cg13980609	-0.0114530753713943
cg23060513	-0.0122631911978078
cg12226028	-0.000443721162927575
cg01612292	0.000721172663453932
cg10690919	-0.0127782502183128
cg25977493	0.0053992900550783
cg12229367	-0.00360129808230818
cg21333217	0.0453198552409912
cg07957458	-0.00167689280489682
cg01915516	-0.0108816756155472
cg24220279	-0.000150161621661939
cg19302722	0.0359060036980941
cg01106572	0.0126530468285185
cg23471393	-0.0091287636304156
cg25792518	-0.00334249834179334
cg10729426	0.0146692104454346
cg14066298	-0.0105524603280237
cg15296767	-0.0312279738877077
cg00688297	-0.00243603877544017
cg11001665	-0.00653968064126888
cg13457427	-0.00824859693143851
cg24852565	-0.0176752485684381
cg09667606	-0.00855451425729287
cg04218812	-0.000670237980649302
cg02016130	0.024738826304113
cg17484671	-0.00461751567257166
cg25499099	-0.0157420451098825
cg15030849	-0.0132492748017279
cg15971496	-0.00419727206973381
cg14533068	-0.0184684288047255
cg06970884	-0.00831372157647116
cg23934927	-0.0242363058785243
cg26073542	-0.011588305267231
cg02973171	-0.0263437126044846
cg22897615	-0.00398695592969632
cg16361302	-0.00532422879855705
cg24683414	-0.0325331319167559
cg02869559	-0.0108554036996991
cg14352586	-0.0128601985545096
cg17163527	-0.0513348839203115
cg25124276	-0.00707058018992257
cg05118960	-0.0485845746404588
cg14338526	-0.0199969936560654
cg16312514	-0.137657309469583
cg02577387	-0.00605750835188814
cg03776506	-0.0114865655385105
cg07134632	-0.00431554725485461
cg23688411	0.010006040564418
cg26675395	-0.00224744193204275
cg02097604	0.0437323084760033
cg16776981	-0.0214637140966729
cg08358907	-0.0141105924378261
cg21469707	-0.0304079988440695
cg27025752	0.0309148027315417
cg00853733	-0.00653167294201876
cg13498289	-0.0589690652985137
cg16579893	0.00011386126816872
cg11299854	-0.0913985075396083
cg10366093	-0.00546210837212145
cg06765217	-0.0189978899783887
cg23632752	-0.00721744024686859
cg26608174	-0.00115478386005339
cg16279999	-0.000900231445463175
cg17858328	0.0169511075273444
cg17540765	-0.0214429072033851
cg23346544	-0.0631189035072344
cg17285931	-0.00208401630552409
cg04731544	-0.00200009049310724
cg16615829	-0.0142978612855538
cg12530994	-0.00103248315654611
cg23368787	-0.00801477701305717
cg08118908	-0.0147634051455289
cg05016408	-0.000473806994414163
cg03301200	-0.0248733090715352
cg00063006	-0.00249045268372813
cg24830730	-0.00331121377962341
cg03802696	0.0310134005530165
cg12804791	0.0057782901236736
cg07553761	0.0538570694271244
cg24955895	0.0123314024093471
cg07250214	-0.00361237571991941
cg06222087	0.0290092538455307
cg15750303	-0.00530311000052337
cg23552977	-0.0505858221077284
cg21801378	-0.0113155326012033
cg26103104	0.00790286501047314
cg02150077	-0.0305464837277803
cg21186299	0.0148766777927395
cg11738976	-0.0119800763530042
cg05647602	-0.00545570550272418
cg06105699	-0.0086952976556724
cg01571001	0.0013585781078607
cg17179314	-0.00665668534320216
cg04643969	0.0124970869652106
cg19283806	-0.0321983344186875
cg13389502	-0.011927750668752
cg07159958	-0.00106178594433663
cg09887059	-0.00576743088775187
cg18318878	0.000202872760842411
cg13187188	0.000879409730464716
cg16497398	0.0152190646331937
cg15900248	-0.04466885213361
cg07394446	-0.0128509951317431
cg23471348	-0.00743926692399115
cg19881557	-0.00288186159769483
cg12685846	0.0102446961906129
cg18219563	0.0152348211537012
cg00033551	0.000356689062770545
cg08542473	-0.0048107350179259
cg19065831	-0.00705646095596868
cg03899510	-0.00605999785284026
cg17624073	-0.00327971283968975
cg26663636	0.000317068793674797
cg13682598	-0.0157995101326531
cg09366730	-0.00142107910268817
cg21228424	-0.0145479971623362
cg18929814	-0.0322292554615398
cg06829968	0.0174708852029394
cg14556303	-0.0051562927491398
cg25933341	0.00515769697669577
cg01948202	0.00310278212882793
cg10274029	0.00285064620215839
cg22268271	-0.122378845823993
cg21159993	-0.0117723246773113
cg08342886	0.0632398788692665
cg21405786	-0.000959772027429744
cg15994182	-0.00414662949602057
cg10501210	-0.0920939587844883
cg17694795	-0.0193981052557952
cg02132714	-0.000304549316366236
cg00711896	0.0397945594120619
cg04821375	-0.00893556336769445
cg07104417	-0.00393749748287881
cg00448707	0.0041970107444905
cg18322569	-0.00830353278520715
cg09022921	0.0274243732448709
cg22353329	0.0996080172989116
cg05165553	-0.0151771171504779
cg01877778	0.0671955540406037
cg18316974	-0.00141930202197494
cg13676763	-0.00420514599764292
cg13322252	-0.00480636247906627
cg19594666	-0.00328851823624039
cg24218925	-0.0171261621654958
cg23218354	-0.00601284510526332
cg11771383	-0.000982822087174939
cg06391982	0.00219447417776132
cg16442402	0.000712424941484832
cg09515953	0.00370201693939714
cg21383487	0.0105824110420539
cg26844246	-0.0133492462664976
cg14244013	-0.000969984975158476
cg03931865	-0.0089107745230239
cg05027554	-0.000706349174216365
cg10967866	0.00450666064303606
cg12127472	-0.00370468438929423
cg20290360	-0.00611539806879629
cg15341124	0.00415007860524379
cg05083852	-0.00299994002070412
cg18280125	0.00115006082349665
cg26685941	-0.12493019042181
cg19137107	-0.0134808678388016
cg01891736	-0.000171915288572158
cg19821713	0.00241119465648649
cg01542019	-0.0442026654589339
cg22434506	0.0186457089031416
cg26003909	6.76186484968194e-05
cg06784991	0.0656277401615758
cg09965668	0.0313539164322195
cg17222645	-0.000463722523117795
cg01510388	0.0148509362309437
cg09084391	0.0178868345485959
cg04101060	-0.000308494291580545
cg07435445	-0.029386626089165
cg03217337	-0.0064463601615663
cg01580888	0.0196943590635643
cg24497732	0.0511468196533728
cg04116545	-0.0822243063332845
cg19628934	-0.00706437009842148
cg27252164	0.0206767182627162
cg05996538	0.000703060861899132
cg02724461	0.00498301862251094
cg25241559	0.102503476384592
cg20601192	0.0557514328954924
cg12873476	-0.0501674607055239
cg10321236	0.00720759604310407
cg09929238	-0.000320730729213242
cg12400336	0.0189339628236925
cg06768361	0.0156509069574377
cg13407335	0.0324037747346804
cg20457732	-0.00019057079316883
cg26830108	0.00188980698308876
cg07060551	0.0765355698554831
cg25260426	0.00717062525350515
cg24466241	0.0138409632866567
cg17465752	0.00360415633357362
cg04295144	0.0118228210377136
cg15746851	-0.0194951632016552
cg13846270	0.0156217547014359
cg21380181	0.0187207461987792
cg09085220	0.0048206327945381
cg21566642	-0.00660584961117305
cg15043384	0.0051443751453521
cg06192381	-0.028881826169583
cg03342928	0.0198924157650623
cg09187107	-0.00490571222960495
cg01966117	-0.00712688505959855
cg02213678	0.02797611072805
cg14557185	0.00506497583380812
cg15205547	0.0222946823010313
cg16489193	0.110121457534215
cg07679370	-0.023283865403769
cg08364767	-0.0232483435278485
cg12597389	0.0371475896557226
cg08046044	0.0337011491475225
cg03987199	0.00401791018207106
cg05928290	0.015025438892552
cg04509100	0.00171662994980291
cg21063716	0.00328372322772343
cg01558040	0.00802606916655534
cg03179291	0.0466897630514821
cg06145800	0.00640218552381543
cg17161718	0.00137481931932799
cg07955995	0.0101547820958478
cg21887193	0.0348745196629343
cg09944697	0.0143519716595032
cg07996594	0.0209015402091565
cg10097464	-0.00253437597815396
cg14343513	0.000145305472100456
cg04497992	0.00322781796284094
cg25129541	-0.0188815290664739
cg17478979	0.0352288414764483
cg08438435	0.0380176709373622
cg04894619	0.00596880374666798
cg00565688	0.0210578834221577
cg17890940	0.000212055532669811
cg18031326	0.0126923675259134
cg03750567	-0.00414420865850657
cg17804348	0.00121055853496468
cg17510385	0.00412830856518379
cg10338787	-0.00980951734245559
cg04873098	-0.00600264740239207
cg07923390	0.0617872990903363
cg18848959	0.00552258423221626
cg00711496	0.00218114478565914
cg26305504	0.0193703846845723
cg16206504	-0.0350446159033632
cg14556683	0.0625040572990393
cg19317226	0.000748915045655248
cg10804656	0.0449225435463875
cg17603689	0.0153780554563
cg23445341	0.0360053107461436
cg09001549	0.0102389746314325
cg05783384	0.010001553210695
cg12737938	0.0226736227787329
cg23051272	0.0107807643948921
cg23918296	0.000891068372473147
cg18990407	0.00582114129601466
cg24932788	-0.0405800348770473
cg13985198	0.000151850204200371
cg17216759	0.0163872008452301
cg10843343	-0.00867048203725284
cg25806701	-0.0218223320577563
cg10542584	0.0202526074692537
cg20251225	-0.0328800906689513
cg15609237	0.026610366582856
cg16867657	0.403665262723461
cg21375204	-0.00905877744232035
cg27304729	-0.0187909621765262
cg18445088	0.0257667055336537
cg05949667	-0.0105455959209499
cg08661469	-0.00281828246045683
cg27252696	-0.0211042686237198
cg07769588	-0.00155966940839908
cg14621254	0.00352484071352612
cg22282410	0.00523223447110994
cg09187007	-0.000792566303288368
cg25921813	0.00889585169366379
cg04187185	-0.00624764183220709
cg14614094	0.025097304734964
cg04432599	0.00866990209174507
cg06522288	0.0153149794617036
cg14757228	-0.0169679000143096
cg11429111	0.0159649692377008
cg14746276	-0.112577886417781
cg03837292	0.00220789097506503
cg09614389	0.0126399029464274
cg18560204	-0.012133030202157
cg02993991	-0.00893067941766171
cg03760191	0.0914564842311701
cg15404665	0.0167720005535105
cg04605980	0.0105076326853169
cg15133018	0.0132172611257817
cg01873886	0.0344834919837132
cg05578840	0.0112713305870807
cg08157575	-0.0124637214030237
cg24222580	0.0383324038330883
cg10177394	0.000448338992028901
cg15154047	0.00896152245904247
cg00094518	0.0069775842439938
cg15847527	0.0384050983644758
cg11538641	0.00223492994348787
cg24125828	0.0256878846910429
cg22138735	-0.00173752313212048
cg09559780	-0.00584178766315232
cg09935271	-0.00802638273143901
cg11006267	0.0105003600341758
cg25761791	-0.00702708281871291
cg12611243	-0.0106338082915692
cg11468085	-0.0159145164035412
cg22454769	0.121592602489317
cg02715602	0.00133014224954666
cg26027669	0.00332720456452615
cg27649348	-0.0114416833676276
cg08151705	0.00573871760558468
cg15504461	0.0230480905446406
cg06062378	0.00165618744108274
cg21179618	0.0484776682450603
cg02903680	-0.020158653904687
cg04955914	-0.00489215360626321
cg01177100	0.0329485882711318
cg20797216	-0.000629942385300637
cg09018739	0.00646448127990145
cg25349939	0.00467535026257269
cg05926722	0.0197786652330443
cg19532939	0.0002831230845603
cg17782713	-0.0214307256707559
cg24853724	0.0095739970960949
cg12592359	0.0311313897122819
cg02978139	0.0242250092335103
cg04546097	0.000190655620431737
cg18123677	0.0131116743544375
cg20674658	0.0369431977049465
cg11885433	0.0360062936932659
cg27209578	0.0883298804744262
cg05095591	0.0025444631281582
cg13435326	0.028233422581026
cg10538146	0.0284216769271618
cg05296818	0.0135220735630915
cg24172324	0.0281663201294211
cg19533955	0.0244538772352593
cg08022543	0.021192751175468
cg04646282	0.0957630171545598
cg16764274	0.0478994002171092
cg25462189	0.0153515699080831
cg05661982	0.0380449529871494
cg08615650	0.0727292851361557
cg06092729	-0.125137069810039
cg24781737	0.00196077282050989
cg10691109	0.00111183766795677
cg07536102	0.0516987666663787
cg09100343	0.0665998254586357
cg22220502	0.00224393595779909
cg11269599	0.00292829878257025
cg11661281	0.0455972118182735
cg17496921	0.00380993290558074
cg21760990	0.0129938890467855
cg27139419	0.00517965307992598
cg06440946	0.000811779888160871
cg04408858	0.0136556184799291
cg01067137	0.0123580797048438
cg07519471	0.0192745963450445
cg05156137	-0.0289778081870598
cg27412975	0.00114522396150782
cg26196496	0.0147779619600814
cg07110801	0.0157000503399825
cg24807889	0.019710658099745
cg25709146	0.0383211907963687
cg04610187	0.0164794759030051
cg09593454	0.0024791604932345
cg10681065	0.0191186384109274
cg25427880	0.0642381280452213
cg27422507	0.0107819799114405
cg20733077	0.00524919628336805
cg24427724	0.035174495624307
cg20344388	0.0117221391969159
cg06329491	0.0157508360756884
cg17069533	0.00951966314574389
cg20761853	6.14221904168851e-05
cg18811819	0.0105803721074169
cg18369325	0.0536596780455169
cg08985885	0.0218504901587633
cg13274149	0.0614733713802706
cg14523574	0.0374449806604091
cg14999189	0.0765420703228805
cg20923885	0.00967620412814313
cg01695994	0.0861328367296551
cg06001419	0.000696814641485721
cg20948740	0.017799405780086
cg23482898	0.0220237000292655
cg03032497	0.0636195485829106
cg03523785	0.0545014087326874
cg00575672	0.0179940560010053
cg04027328	0.0434261846343346
cg03266686	0.0457964874321281
cg16021896	0.0150344253715035
cg20305024	0.0391158058797541
cg13645954	0.0126750847199407
cg10658666	0.0623708236359046
cg05546763	0.0504770470412082
cg20898283	0.0494090691764894
cg05578595	0.00531636897369838
cg15457899	0.0107097456040714
cg14900031	0.0279704658811886
cg14102437	0.0653692640156206
cg12939283	-0.0389043666444307
cg20319926	0.0196798487641679
cg01772439	0.00997054502100214
cg02451670	0.0116987418986876
cg18854666	0.00590820007356572
cg23594345	0.018201662106722
cg26350754	-0.0146986465397043
cg13824500	0.0043890606595651
cg21713473	-0.0395533858294219
cg03084103	0.00158115245839991
cg10317164	0.00316519507049021
cg22358580	0.0886245599960194
cg08521967	0.00375376257149519
cg06574422	0.0434519604630076
cg09178261	0.0414786943932213
cg08688043	0.0225206372147619
cg05339037	0.0357855240397162
cg23004527	0.0709978795061932
cg15415507	0.0160309585168154
cg09763439	0.00246700845427848
cg23303074	-0.0513411804951025
cg21780428	0.00658205146937059
cg11649376	-0.136992594564706
cg06620993	-0.00597311479650539
cg05318503	0.00862444082715376
cg23008153	0.0418219843085895
cg13289579	0.0263523087528751
cg06976485	0.0231372342222727
cg24731111	-0.110822053833294
cg02810967	0.00868668995458597
cg10874314	0.00767849701874039
cg26567688	0.00881609971117282
cg05251190	0.0160413989439303
cg08005460	0.00442213410451441
cg21657577	0.0288646656147692
cg01276475	0.0202765037984813
cg07452306	0.0218779005102541
cg16737749	-0.0029252565577581
cg07342322	0.00767452235394464
cg11271171	0.00825927187995172
cg19756313	0.00405003168978357
cg11911122	0.0100852053977235
cg01426818	0.066131440190051
cg24890964	0.0418358884966439
cg19982668	0.0131043253389191
cg01894508	0.0153609786531282
cg01163369	0.0106145197577016
cg12948621	0.0107036887322951
cg01890712	0.011540333044862
cg09099868	0.0336713967663859
cg20185454	0.00766186385868359
cg04036920	0.0163510318330472
cg06474661	-0.00967987083530411
cg05339633	0.0242383362037901
cg20992114	0.0105543573998055
cg17795695	0.00569460286370254
cg03359095	0.00521033277019313
cg27660720	0.0158528005852381
cg00088797	0.0106296590748497
cg08220120	0.0122792262542139
cg08129331	0.0327579985842591
cg23510764	-0.0499898243808762
cg01729837	0.00328620873773146
cg00878605	0.0181329572977521
cg22222644	0.0301547382381173
cg25843346	-0.000451342522301982
cg04980928	2.23892012415203e-05
cg02114954	-0.00431575936625611
cg05369942	-0.00949757451663438
cg15953461	-0.00660642981231418
cg12027254	0.00596496538493698
cg22075146	0.00059147540449378
cg12453631	0.000890745739903043
cg27137983	0.0301561209635435
cg04794690	0.0159097068437906
cg05425754	0.0477573888896132
cg23184070	0.00421845409822096
cg00866476	-0.0374646510797631
cg08904363	0.0336316249480788
cg24024660	0.00815355089650173
cg26902279	-0.0115977659003346
cg09063663	-0.0466631618572388
cg05766064	0.00192950703736195
cg13511324	0.0158426481208463
cg14387452	0.00421564288946627
cg00168942	-0.026535537405767
cg02031326	-0.00692338457375373
cg07135732	0.0241304093603526
cg03619256	0.0290272337231631
cg03646329	0.0128844531017902
cg09580336	0.0141508078552366
cg17101703	-0.030381954983139
cg23149687	-0.0230940544198736
cg01797043	-0.00736887744863997
cg12757011	0.018511486631881
cg05463027	-0.0522253211553736
cg09352789	-0.0121845510122693
cg12178465	-0.00646932245468908
cg03566174	-0.000887401728947298
cg25453381	0.0188988120010598
cg15765380	8.57273905587277e-05
cg09636661	-0.0350397791658396
cg12096762	-0.0500011391000561
cg01689404	-8.4574277403655e-05
cg23202985	-0.0012868329045246
cg12141659	0.0121327037913288
cg16509239	-0.0030337926934677
cg05175318	0.0153071630185092
cg05762671	-0.0488545652739129
cg05295023	-0.0264857655581546
cg23680451	0.00517068376258431
cg24151087	0.0798795608707048
cg13648715	0.000319281240490107
cg17243289	3.70706218696186e-05
cg24461772	-5.78859905989276e-05
cg08767044	-0.000537190464811263
cg00350448	0.0229655601490512
cg25818109	-0.00527143985563605
cg25404758	-0.00137829544842587
cg23458168	0.019327977966384
cg17100218	0.00875637220644398
cg06964816	-0.0285092819030942
cg26543112	-0.0809881265742939
cg04833853	0.122365772725652
cg00827893	0.00759382449569589
cg26610808	0.00126346027861613
cg18310639	-0.043339704966283
cg07613364	0.0189540969074937
cg16924102	-0.00338229932421046
cg15804973	-0.00410907573831265
cg21222743	-0.0299579923596627
cg02383785	0.00193553575508603
cg21631918	-0.00743362173504093
cg18462381	-0.014488235328531
cg23761815	-0.00344059641094007
cg02544002	-0.00186806059092225
cg05236677	0.0138461443694484
cg09069499	0.00667109095130881
cg16449012	0.00301097660300966
cg10874644	-0.0369047455105552
cg20868898	0.0849246079104059
cg21350115	0.0334968397138519
cg23384708	-0.0136306549927911
cg15829826	-0.150001331094696
cg09882118	0.00733528029655122
cg03916421	0.016529425728567
cg25963412	0.0122178257300208
cg05972185	-0.00265949859499961
cg24883498	-0.0244707882947124
cg12077754	-0.00906601656293845
cg25325512	-0.0385131134807092
cg14271729	-0.00750297274411645
cg02047661	-0.00682481701070808
cg05780139	-0.0039738442464775
cg09840968	0.0201246982196939
cg18633600	0.0165051518059351
cg13988440	-0.0259031656790974
cg23090529	0.00148265698101673
cg14632729	-0.0652350825878405
cg17254383	0.00150211779872939
cg00251125	-0.0102202653793235
cg04197548	-0.000271957971000223
cg02415029	-0.0355344797522888
cg14670435	0.0835959263155981
cg23450972	-0.0221346652550052
cg27034466	-0.0113836195068194
cg02739280	-0.00471627144550587
cg02868468	-0.0256719384685032
cg07683636	-0.00113380633978795
cg03579624	0.007536394888244
cg26468696	0.00891273885251648
cg18253757	0.0358638141428234
cg12614687	0.014241540214784
cg15975427	0.0102344126614005
cg06805925	0.0070421155244776
cg12671744	-0.00293506506190107
cg09697696	-0.0144367844149414
cg19077806	0.0122099586896167
cg05324516	-0.0412002887289725
cg10371155	-0.000565552023344601
cg06458707	-0.0148692125711685
cg01364769	-0.016435702710928
cg18785742	-0.00464143039170963
cg21711214	-0.000596955445317375
ch.2.30415474F	-0.0694052522157091
cg26130053	-0.00404704079868592
cg00688941	-0.000168989410876857
cg20052760	-0.0229651617509727
cg05541267	-0.00605615025669495
cg25491122	-0.00707342159976518
cg09305680	-0.00317309331534683
cg08761208	-0.0084514186555253
cg05851395	-0.00271415171019637
cg25730428	0.0549534700283384
cg19150852	0.0223603102092235
cg07172885	0.00348008902089392
cg04517079	-0.0379114896220012
cg01644850	0.0611941067284177
cg22967717	0.0172286649627057
cg16987606	-0.0248284025427017
cg10424974	-0.0298886815086514
cg09154591	-0.0108510832835618
cg12276019	0.00393869293255308
cg21650243	0.00274455754266818
cg25240254	-0.000364788291635754
cg07057831	-0.0353601505850146
cg00569896	-0.0121947554572496
cg27064708	0.0116214490190786
cg22159171	0.00227280878758849
cg02639095	-0.0743472933731787
cg01020263	-0.0693064173772842
cg22704788	-0.00287027196606133
cg07318627	0.00222691069352313
cg02098619	0.0434752822507948
cg12424329	-0.001281630743925
cg01431482	0.0335188254026603
cg05371578	0.0119829833942479
cg10592521	0.0177561472360284
cg15094236	-0.00197510601144356
cg08443038	-0.00227745638753173
cg21213853	0.0430579494231406
cg22809047	0.0348115369425605
cg27422141	-0.0192988802897213
cg15104126	0.00553551680201143
cg15703690	0.0150754832882341
cg19281794	0.00183870579940235
cg05613083	0.0121452775343116
cg14956327	-0.0136100290987783
cg13135455	-0.0427113412068809
cg22166739	0.00679695213667197
cg07629854	0.0371759885779652
cg11748187	-0.00140556884959106
cg08200404	-0.0138584115242922
cg13104274	0.00773743995571837
cg14898223	-0.00458229249737282
cg05841440	0.0214773886924761
cg08125503	-0.00195077417351748
cg16411256	-0.0370127646888026
cg05220114	0.00494201000679154
cg24513684	-0.00155327865964136
cg06570224	0.0326867761507384
cg13966575	0.00892563983099496
cg27053337	-0.000469146325961724
cg02442436	0.0284899214526498
cg07960944	0.0235260831227113
cg00686880	0.0097629338503342
cg19518666	-0.0206515376788961
cg18906360	-0.0139143856685782
cg10171489	0.0240054555138536
cg18222865	-0.0142783335576457
cg22027435	0.0088751464130078
cg20153322	-0.0401774845892155
cg07502389	0.0155969947420145
cg19783291	0.00553117161017099
cg01940943	0.0136145384912355
cg20740903	-0.0370829153777127
cg17473673	-0.0143972067440419
cg25450819	0.00644433233279718
cg07808761	-0.00428934174972601
cg14359680	-0.0664639461823187
cg05738924	-0.000333492886839983
cg12688576	0.051475689833874
cg05428701	0.00306720268354963
cg24987259	-0.038248649229562
cg06154311	0.00100347750053396
cg10139476	-0.011839498261814
cg11144555	0.000438338143498301
cg15110296	-0.0239084178303017
cg04717143	-0.0104796721314601
cg18680834	0.000274553889684091
cg23361092	0.0323066468588627
cg15410835	0.00720212561080149
cg27239754	-0.0137810261362106
cg24955845	5.14947287863868e-05
cg26589785	0.0221536327932242
cg09285095	-0.0014441900381636
cg13039251	0.00222592778926149
cg25149218	0.0298171972904474
cg18450254	-0.0811531503456884
cg00662956	0.00318448000154395
cg01620785	0.0114028034709028
cg04094193	0.0256300511658044
cg20004827	0.00410688363473106
cg00971695	0.0201607019601511
cg23556574	-0.013163886257331
cg24568150	0.00272973566248488
cg17696044	0.0203584052598568
cg24476103	0.000424255342883076
cg14202825	0.0216518695261525
cg22920417	0.00502574476621168
cg13273540	0.00708249598800784
cg00263619	0.000634832327058456
cg10397932	-0.0171042086307944
cg27545615	0.00752854316830155
cg27015931	-0.203026131277708
cg12814335	0.00219435062889686
cg01452189	-0.0154726413727817
cg10813980	0.0077640879508203
cg21361322	0.0543828833991134
cg20658709	-0.00215805521032981
cg14562086	0.0127744262000095
cg11045303	0.00222386191308088
cg16762684	-0.155597577393184
cg15475272	-0.00669186393481932
cg01963224	0.00411080453190684
cg18509466	0.0386652859699884
cg25618424	0.058687833303679
cg18824549	0.018172992010757
cg26058502	-0.000951714166146892
cg19962990	0.0140333480481468
cg14776578	-0.0144579307577849
cg13870990	0.038595734441518
cg19824710	-0.00723339435011718
cg17778556	0.00905810639093733
cg17457912	-0.0944923548848946
cg20322193	0.0146636528634802
cg09990446	-0.0678583860461499
cg06230839	0.0122735250977693
cg18026631	-0.0127830889185239
cg05700079	0.015930089056824
cg24938956	0.0442534510908402
cg16691087	-0.0115977547703126
cg10386431	0.00633358168485945
cg25323444	-2.25990845188023e-05
cg09235539	0.0202774369285227
cg14616345	-0.011784671831323
cg25533247	-0.0148338786191263
cg13663218	-0.0322458131661677
cg14243817	0.0047979513115108
cg02796545	0.0167717750047116
cg06819923	-0.0392291602243768
cg17431952	0.00663418872377869
cg22434594	0.0575603441605637
cg13036702	0.00257199162206247
cg22796704	-0.0865836067156957
cg05707655	0.00192620879477926
cg14422240	-0.00320428217729897
cg23006567	-0.0233258041113032
cg13399203	-0.00794246610691325
cg01429360	0.013658070880735
cg03933990	-0.0144993595594321
cg19663246	-0.0106502285752908
cg06430220	0.00836174079147668
cg14209784	-0.0373661299719248
cg16861964	0.00782084034455365
cg03960811	6.70315477991678e-05
cg20228731	0.00466344318129481
cg04581938	-0.115529109007172
cg26332926	-0.00879676456620854
cg15112910	-0.01835865114355
cg16926102	-0.0143752842807883
cg22793142	-0.0350949831576998
cg14909179	-0.00036477257445914
cg01919885	-0.00883899714116909
cg16619991	-0.000443353924691179
cg02147126	-0.00756113082705823
cg07940585	-0.0134837122265518
cg17518710	0.00445808986432806
cg00639635	-0.00277564898479911
cg07787614	-0.00760764296806281
cg06687489	0.00192628447191838
cg08951051	0.00793588847435414
cg21700772	-0.003085547033849
cg07254032	0.0214598665615855
cg00501876	-0.000361949029607296
cg25496417	-0.0250632003557593
cg01542719	-0.0206629732851754
cg14962049	-0.0198411994843853
cg23142799	-0.00765226683678245
cg19343530	0.00109852429837482
cg07435237	0.0198653340898101
cg04427651	-0.00163851619474686
cg01606885	-0.00250693920217153
cg00858599	-0.0564534410147342
cg18342964	-0.000614919526931699
cg13460409	0.00588685268790909
cg22950598	-0.028938771100788
cg15723784	-0.0101786642629272
cg02606403	0.00581631992473127
cg23201812	-0.128820652785992
cg09858508	-0.00791317137152182
cg01960979	-0.0256262004822298
cg22801913	-0.00285822074784441
cg02744945	-0.00102396429005158
cg04500896	0.0540499223344816
cg24099956	-0.0433139007987005
cg03162994	-0.00372822078337257
cg10159215	-0.00899591067791785
cg00232500	0.0240105697705877
cg08088161	0.00039112588012695
cg12068124	-0.0149270191670666
cg01799015	-0.0133740280484894
cg05814654	-0.0221876193679071
cg07629125	0.0143592630637734
cg08334899	-0.000645964897641029
cg24601559	-0.00252099709716149
cg24707889	0.0118990301159656
cg02977443	0.026090412458557
cg24553775	0.000677256571640023
cg27589809	-0.0115674603258931
cg22197050	0.0149871709718043
cg17206772	-0.00341283360682698
cg25642315	0.0135442495296933
cg15233611	-0.00524670067360998
cg14071869	0.0168707250926749
cg05575054	-0.0098394973840681
cg15551881	0.0075438029775487
cg20652404	-0.00141037183778637
cg08324925	0.00551226532798112
cg22965561	0.0192641635315384
cg23913963	0.000859811856768822
cg10835286	-0.00969371379101913
cg13016775	-0.00138763952596504
cg07757535	-0.00497346966761864
cg09082287	0.0488693580936172
cg00463859	-0.0292346974708046
ch.6.33611621F	-0.119748578126675
cg13029847	0.0358769365645482
cg14780255	0.0105985046996691
cg18468796	-0.00149997540461356
cg03470094	0.00362686560439704
cg13736497	0.0134304748194791
cg03773862	0.00662264500335708
cg04180046	0.00962126005280301
cg07478501	0.0341707582160321
cg08783616	0.0232394876039965
cg19396666	0.0036719225428721
cg14702960	0.0274562319138681
cg08335125	-0.00893687944129521
cg18783781	-0.00159408943846012
cg00748589	0.0110752707198175
cg03716936	0.00337354805807793
cg02088673	-0.0164076977608782
cg15963036	-0.00563516835401824
cg10257332	-0.0329268787234992
cg00144186	0.0267790904093748
cg00973876	0.0270408871891152
cg26139559	0.000488303110335072
cg24020215	0.00189852646232487
cg10636297	0.00235872690386786
cg19268695	0.000224686715624093
cg12732998	0.00641253803168667
cg03171478	-0.00589571209206925
cg10525394	0.00305665616443712
cg11653233	0.0248852256690011
cg13224583	0.0645585035365229
cg08415592	-0.0301074748887697
cg19021076	-0.00448449171368977
cg08006309	0.0177450360257204
cg05264870	-0.00286977851176228
cg25386151	-0.0473346832155291
cg10549973	-0.0216945853021559
cg24644551	0.00918720447093095
cg06933384	0.0114220264255674
cg16764848	0.0200847333710307
cg16054275	-0.022046494564697
cg02348437	-0.000513871037190792
cg01899253	0.000750347504204691
cg03725309	-0.0747148378341871
cg06405563	-0.0155098178579734
cg03254146	0.00626296643475159
cg22713958	0.00831143056317481
cg09298818	0.0273996549531741
cg09642020	-0.0126096955521575
cg04790755	-0.00669705857804093
cg12833018	0.00120987616324425
cg01368217	0.00288435141240673
cg16540789	-0.0225068137893339
cg19147415	0.0186781695759291
cg00990385	-0.0191611579698951
cg05082527	-0.00599613384113016
cg06640584	-0.0240100870198249
cg03473532	-0.0817635459391221
cg17501982	-0.0051567066766812
cg19408882	0.00636140734123897
cg07062476	0.00900352044474199
cg20652899	0.00019941668557879
cg11769332	-0.00486664311710318
cg19589396	0.0241190586152293
cg06068163	-0.00318894588300368
cg12238343	0.00206135808762363
cg04640250	-0.0230316484451756
cg24682723	0.0042689302935785
cg14782678	-0.00775567328441261
cg01233571	-0.000841323090711026
cg27038676	-0.00905438490891334
cg27166177	-0.025942489126655
cg02722637	0.00137389847560618
cg13235787	-0.0128588813072366
cg19916364	0.0120199346680347
cg10671830	-0.0128420536538822
cg07125256	-0.0253382472968125
cg26147480	-0.00744344671779412
cg25410668	0.0657192445732361
cg00404400	-0.0113571898285712
cg15610437	-0.00268517996018632
cg03994651	0.02595045109197
cg20099806	0.013273535157098
cg02727079	0.00770755276851329
cg01751992	-0.000546892210974981
cg15174248	-0.0182159969324258
cg08197797	-0.0360508551788634
cg02031638	0.00908705887723821
cg00486113	-0.00825693575028167
cg16851425	-0.0378662990517904
cg14790600	0.00590054968136012
cg13187936	0.0279063089129564
cg26805749	0.020014757113703
cg12686055	0.0375463785594291
cg06553792	-0.00512785763398303
cg07571928	0.00775594933559193
cg08038054	-0.0712099242334431
cg21184711	0.0739740347392557
cg06346335	0.0101353303391132
cg24871743	0.0438136496331962
cg09469355	-0.0166533082300539
cg21756476	0.0179079414972219
cg18352882	0.00409243176193415
cg26585644	-0.00712863328465613
cg02533423	0.0050601590251744
cg26133399	-0.0221148487177041
cg08122652	0.0244464389260581
cg09292354	-0.00186194942890417
cg01635555	-0.0271674606696764
cg04341343	-0.000222360589613885
cg19308132	0.0106907561673802
cg02302670	0.00591558484634303
cg08832695	-0.0033555635394892
cg14188401	-0.00818054587302316
cg04845871	-0.106774840219868
cg21241823	0.0261715650017039
cg07082267	-0.122286568497983
cg05850338	-0.00730311732570824
cg18358723	0.00948816331004171
cg25744552	0.050801136262177
cg04907244	0.0118142510046287
cg05207048	-0.0756025389644647
cg01789150	0.00624990342876862
cg16146033	-0.0590229122760257
cg09014329	-0.00126057518592655
cg04892766	-0.0122275058062327
cg04420275	-0.0130569795644475
cg01528542	-0.0126019098239698
cg04291430	-0.00557518459838875
cg11124652	0.00723653647069593
cg21393124	0.0138627577646128
cg22516376	0.01605384447693
cg05211868	-0.000709912711691434
cg07303143	0.00982842903763156
cg00793186	0.00256837649080548
cg06648759	0.0791654336623164
cg20665157	0.0148527555963449
cg14849578	-0.0142789525779431
cg25693132	-0.0186492122616514
cg25463963	-0.000351204524316054
cg06031268	-0.00751743552726611
cg01622416	0.0126708178462844
cg05483184	-0.0463361989764766
cg26467528	-0.0113323083602697
cg05669497	0.00184391192763763
cg05569328	0.0123570665259179
cg10179300	0.00363096800181357
cg24350475	-0.0073176705393316
cg05395210	-0.0270882013305845
cg06930757	-0.0425506874341007
cg05308819	-0.064987828853116
cg23484392	0.069912429666046
cg26343883	-0.0139657220951675
cg26483332	-0.0305900036127858
cg01763090	-0.0208178694469645
cg17440248	-0.0249903879564534
cg24730705	0.0279558425423163
cg04060571	0.000216665426155688
cg11029191	-0.0111530835488521
cg02478731	0.0156741762772375
cg10778288	0.051677676764294
cg06571407	-0.0225186822173403
cg17736772	-0.00256374130865316
cg01820962	0.0164855005235481
cg17892917	0.0226208675775277
cg02513379	0.00220574530132211
cg20930114	-0.0107749808404604
cg22438810	0.0120993375602666
cg04567445	0.0258413725552408
cg27130665	-0.00311754494612468
cg10136560	0.00999488909015511
cg26690592	0.00880602571110478
cg07367302	0.0239195194213261
cg15920975	0.014155429152989
cg24750308	-0.00534208255343667
cg04273431	-0.00283719280474754
cg27212232	0.000397716491631398
cg13541527	0.0172584575067219
cg17002328	0.0032802711515942
cg10163955	-0.0153741589792435
cg09310092	-0.249132530325457
cg24251135	0.017374820843201
cg00753885	-0.0653463727676708
cg25207224	-0.016110309898573
ch.20.1295406F	-0.131599602624053
cg16395997	-0.00776106895600253
cg22796593	-0.0112054639307536
cg06083669	0.0124075759454512
cg24481841	-0.00463658748651667
cg08099136	0.0226453060729358
cg12462816	-0.0195603145936255
cg15393490	-0.108957214332612
cg21865845	-0.0226815105344885
cg04604946	-0.0416630185318149
cg09152089	0.000714837059310857
cg10052840	-0.0846007914275785
cg21563471	-0.011686926597365
cg06711254	0.00159063335954053
cg22130008	-0.00926461620530171
cg00024494	-0.0620767868338109
cg11452501	-0.0232378050560549
cg04069539	-0.00133593939072405
cg05813703	0.00517168206488302
cg19381811	-0.0633377986457491
cg23855986	-0.0171577774010715
cg06822193	-0.000505396621216863
cg20818778	0.00712014055256488
cg11127915	-0.033584183722068
cg05725804	0.0121002176913469
cg02351804	-0.0077799245693457
cg22348673	-0.0636828081119127
cg15299997	-0.0260802970106144
cg04439241	-0.00120750041039321
cg02426324	0.0146971171865762
cg24708861	0.0154567746600955
cg12776156	-0.122748743329339
cg06005318	-0.0325359764196013
cg17706411	-0.0129133795162401
cg19713429	-0.0129671128230542
cg02792538	-0.058786851695163
cg23124451	-0.013894600013935
cg10533990	-0.00648162975033236
cg01396774	0.0261391783096133
cg22489878	-0.0219764661602993
cg16477091	-0.0438190104438635
cg09722609	0.025998319902062
cg04709900	-0.037966493586802
cg04792813	-0.0481530426360965
cg02583484	-0.054229852922926
cg21938436	-0.023285305579118
cg09595479	-0.00973839745754066
cg02743713	0.0084400706401409
cg24563804	-0.00567526519532536
cg23363754	-0.00747664486093214
cg07850154	-0.152230687260707
cg08468401	-0.00641273357793651
cg05216056	-0.00969845182924366
cg23523668	0.0285849344615824
cg15818008	0.00157095365325609
cg07313679	0.0245089608154565
cg25047618	-0.0050899796846107
cg08214927	-0.00697883032590041
cg12061886	0.013066535243387
cg10278102	0.00971767718138746
cg07992500	0.00256509639264557
cg22076941	-0.00353045982161956
cg26763486	-0.0144750408335269
cg17183174	-0.0246970392060914
cg07048044	0.0364144889837933
cg07747616	-0.0232251561667602
cg10376286	0.00354362979182102
cg02491878	0.00909162840991148
cg20388256	-8.68846574041868e-05
cg12432236	-0.0107370607941809
cg23600866	0.0083466200604071
cg06057569	-0.0274112898934903
cg25320169	0.0252300651736264
cg09957942	-0.00290974728892039
cg06318164	0.0151433232461377
cg03167948	-0.0145191171500502
cg07101980	-0.0547318125394648
cg00343092	-0.0502679356094724
cg11830800	-0.00293978682359614
cg22039458	0.0130510845522254
cg24150153	0.0377462137808819
cg02113429	0.0120277791734664
cg21799270	0.0025928278893088
cg11207515	-0.00492164394383342
cg14069287	-0.0226952787390603
cg25085755	0.0260734114766862
cg00948664	0.00936631823237649
cg01657207	0.00759828593159348
cg04326337	-0.00521907338130828
cg27278843	3.73438796857006e-05
cg06712542	0.00757119372060422
cg03227128	-0.00501065053074473
cg00070052	0.00177166371470371
cg01889025	0.000198081711027852
cg19641804	-0.00520784173156395
cg03047995	-0.0286712637709101
cg26789332	0.019387808999963
cg09004241	0.00144763857328116
cg22112832	-0.00365967082768046
cg18806997	0.00434554299499297
cg13929658	-0.0289256071539646
cg16193278	-0.0807494550793021
cg00442814	0.024294758651375
cg10094358	0.000425873357616481
cg19751789	0.0312973610720944
cg17861836	-0.00913451606938501
cg02041944	0.0340361077026546
cg19008597	1.73930415023098e-05
cg14014799	0.00111441505826776
cg16728846	-0.0269542804135817
cg12986700	-0.0377897743765996
cg16501028	0.00634152390611826
cg20922701	0.00551750682576463
cg08035323	0.00440855382972
cg12286415	0.0149302343416481
cg16313343	-0.0117989764125621
cg23263226	0.0397421376757185
cg01172150	0.00229749269914384
cg18190310	0.0256916496676522
cg12833118	0.0161021625392582
cg24711649	-0.0591276257417349
cg09610644	0.00223730289063438
cg22277154	-0.0956582763864863
cg03520471	0.00060894241579733
cg06667761	0.0206743330442793
cg02328239	0.0176289449834538
cg18917643	0.0161083215003328
cg09748749	-0.0341464095916384
cg16756527	0.0127155386438705
cg19821872	-0.00603139833846893
cg06866686	0.0180782273942311
cg18335796	0.00868691627964158
cg21983151	-0.0203784098645387
cg01294327	-0.00348657538010517
cg04650238	0.014657163782701
cg13612317	-0.0146976071235668
cg08148802	0.00550448360146583
cg17110586	0.00232898882858573
cg14446942	0.0396231017585931
cg21376004	0.0120752467550467
cg10166889	0.00825993610317239
cg02670686	0.00494374504309431
cg27565650	0.0202908931238309
cg02050426	0.000883821113259397
cg07243147	0.00907302534376772
cg08280341	0.0258908167924177
cg19583819	0.063256425886498
cg20146909	0.0112294698355993
cg19722847	-0.0296720837099657
cg19910679	0.019393260001464
cg14330585	0.000496293941361698
cg22485810	0.0187271301750377
cg04376782	-0.00629610922407396
cg21860825	0.0119589120627886
cg27534520	0.0225746974279453
cg16552271	-0.022308735259524
cg05135521	-0.0294873508029465
cg11084334	0.00582293527150607
cg14302224	0.00606029994775546
cg08004014	0.00982678285455254
cg11277126	-0.0228490279098406
cg10030162	-0.00305819234223015
cg19889780	-0.0284605458925132
cg18214661	0.00407126532191363
cg20747380	0.00147737873271524
cg09287629	0.00448381385348443
cg14203218	0.021683249966165
cg03471047	0.0173956104283192
cg10665379	0.0186330549156647
cg08297393	-0.00708346993336976
cg09092525	0.0377115968956584
cg18933331	-0.0577245867697537
cg00377358	0.000314787734607437
cg20976787	0.0130339169245796
cg01479232	-0.00671466535753407
cg05654765	0.00601528642065077
cg11807280	-0.0219067765254294
cg14870229	0.00179161691438735
cg19497511	0.0072675992764847
cg04596060	-0.0871026148706673
cg00537673	0.0400337352642241
cg21623865	0.0515661745516568
cg17016266	0.0151576640850204
cg01279933	-0.00387752702612467
cg17953385	-0.0280934544362872
cg17729667	-0.000603176100913877
cg12895631	0.0500840678661011
cg07145284	0.0232643550563491
cg27062571	0.000516298271642281
cg01455178	-0.00429703726112824
cg21256649	-0.0185061593681251
cg23854009	0.0656470426353818
cg12422761	0.0100761403954019
cg26914205	-0.0505374315239645
cg06532163	-0.0125221293428892
cg25808809	-0.0077228277911261
cg02795629	-0.0134378392850734
cg01149683	0.00184280581316553
cg00020474	0.0112912876621989
cg21572722	0.0304309003608611
cg06280059	-0.000577979926776012
cg06620837	-0.00809105023729674
cg22586405	0.0165957586349673
cg23688465	-0.000630624988232626
cg12269535	-0.0143362041606811
cg17830420	0.00702970085138184
cg22155039	0.0118684934991197
cg15089077	0.0107691449943229
cg23753748	-0.00571594326612866
cg00930873	-0.0125621383131846
cg03542686	0.00327068626859479
cg08691235	0.00230154237973028
cg13660719	-0.0134634557138875
cg02795076	0.0165358668235617
cg10152449	0.00520312259701165
cg17317023	0.0297154961796614
cg13989999	-0.00277180005185527
cg17280134	-0.00245122774237334
cg16371518	0.0014776058101436
cg26833936	0.0302237689891164
cg06829760	0.00684599792699653
cg19653417	0.0210618649370461
cg10203610	-0.0590429852510617
cg08461760	0.00225901842463487
cg01871427	0.0237626441166516
cg26824091	0.0348026154274339
cg06757775	0.0204848667641897
cg27626102	0.00489988077121212
cg19724567	0.0311743335368095
cg08952306	0.0030744104961011
cg02325250	0.00779900494465963
cg02893604	-0.00230312149857133
cg17832991	-0.00702844077668839
cg04684267	0.0646994107793077
cg20248822	0.00517143410905509
cg21188533	0.0163297003696308
cg06619959	0.0130376529278949
cg20793420	0.00471473816171037
cg05110943	0.0283077819398947
cg24834889	0.0127075312885444
cg04055490	-0.0117206242525501
cg12088946	0.00599486060380394
cg03450635	0.0476386263357083
cg24588162	0.0102113706292638
cg26229990	-0.00162740042591799
cg01492538	0.0157452609950933
cg25148589	0.0106126041196702
cg24174988	0.0359235665506389
cg11007075	-0.00114212097464481
cg17621438	-0.0685520584802155
cg19031565	0.0750026247418689
cg13431800	0.00302140278996677
cg22820188	-0.0543366803753479
cg13316430	0.0141640077445269
cg00593462	0.0368387728385294
cg25841008	0.00963585484914735
cg02380135	0.0137728456968717
cg16655791	0.0204348788317372
cg00863306	-0.104726267270225
cg11220950	0.0654488922500573
cg05106770	-0.0167254459892226
cg08111167	0.00128467857425789
cg02680050	0.0078744066214341
cg01472299	0.011051026587462
cg27511181	0.00319072402830106
cg08644381	0.000312973356898489
cg15048099	0.00336779261152147
cg23869743	0.00409409927694643
cg08668790	0.0142239572646979
cg27519828	-0.0450785675068521
cg13916835	0.0227515252938137
cg11573518	0.00842948101897545
ch.2.105901354F	-0.0234450790778582
cg15575498	0.0199095643397927
cg05346491	-0.041700610351333
cg17025683	0.0110246502735062
cg02991558	-0.00709155126564062
cg04457572	0.000391729893629987
cg05315321	0.00181702869163899
cg14025336	0.0197499281205771
cg10947146	-0.0167577546224805
cg21462693	0.0132364355760466
cg13716321	-0.0176339700749532
cg14429847	0.0252994994719605
cg12018403	0.0273870830166853
cg19083497	0.000303944616330933
cg05053979	0.000320487491921574
cg13691961	-0.0109032864374107
cg26921969	0.036302482316414
cg00082140	0.0248393379917877
cg09143195	-0.0537378339874061
cg01664241	0.0335125198258949
cg12446246	-0.0146665545929768
cg21303039	0.00146900953997161
cg15711508	-0.0108301946084698
cg27569829	-0.0269557298711541
cg00589617	0.0124643683043469
cg20592391	0.0261283710078184
cg24358781	0.0125060659138344
cg01901466	0.000534169266688983
cg25468516	-0.0371577659055765
cg22935653	0.0148022890351161
cg09315264	0.00647757201836671
cg27306913	0.00607352690261591
cg13430464	0.00149337277075912
cg01331772	0.0393046570496787
cg17256364	0.0244142508047046
cg27367526	-0.0179680591436567
cg23172853	0.00886666800004704
ch.14.97331099F	-0.109054428986239
cg11813441	-0.00894357957878068
cg14094027	-0.0137001235867303
cg00602811	-0.0284857178611314
cg14640670	-0.00123606767075363
cg09639964	0.03025009448421
cg11617964	-0.00116684108845601
cg14674720	0.00397431759780387
cg12549908	-0.0153445913934688
cg04999352	-0.0126190802771375
cg01176694	-0.0104052564476457
cg06144905	0.0165734035136965
cg19498794	0.0185222999368881
cg12590902	-0.020085535703617
cg18673377	-0.00877787004919492
cg21220374	0.014322745790471
cg26988423	-0.0270367075192675
cg20462883	0.00102882353675298
cg26999345	0.00284554654492563
cg16371032	0.000180500252334921
cg22138393	-0.0121897943486363
cg14734340	0.0159621809561213
cg04477962	-0.00985096018556307
cg01999701	-0.00576498504882432
cg11454936	0.00265143429517695
cg27293155	-5.94918403834716e-07
cg13075942	0.003802449362107
cg25838150	-0.00865464790318146
cg06073351	0.00927561591667591
cg04568819	-6.89176259955485e-05
cg24560920	0.00697338312575196
cg14176088	-0.0533735703376896
cg05411199	-0.000687311711652414
cg12578166	-0.0381591504081561
cg11059944	0.000961014690272647
cg18993113	0.00195479751662261
cg18234352	-0.00251962481780445
cg21144928	0.00903583369079043
cg00503447	-0.0115198811725489
cg18730926	-0.0154733021512988
cg00103778	-0.00915822220370452
cg07440264	0.0104441231686803
cg10184289	-0.01909919450768
cg15246238	-0.000674746390216706
cg26673195	-0.00414563361193929
cg21809447	0.0268057413187789
cg15707568	0.0365133862839832
cg24231716	0.0132903072389718
cg03468072	5.6344926458743e-05
cg10850725	0.0153461098216405
cg06672696	0.00437940181151866
cg00329615	-0.176900186185737
cg17878972	0.00364364375395923
cg19588519	-0.00501091585902142
cg11285834	0.00244102653718654
cg26955383	0.0199876729057952
cg00008629	-0.00507293859059769
cg08965235	-0.0231399591571768
cg07430472	-0.00276215481148159
cg21519787	-0.00195980131484875
cg03294491	0.00356743772408907
cg12857638	-0.0496829333688257
cg06836849	0.0371760699668453
cg15903032	-0.0726239023109041
cg05917988	0.0806382257584901
cg14037440	0.000615681071474094
cg26572392	0.00629113227968606
cg12183861	-0.00989626787509146
cg02832224	0.0209825641321518
cg18974921	0.00495473976267599
cg00275479	-0.00418659834973504
cg04982488	0.00219072310840082
cg03508063	-0.0329247673406005
cg23429698	0.0128872686053027
cg27346545	-0.00750881526372101
cg23603036	-0.00900713701800793
cg09737499	-0.000222666165340239
cg02607237	0.00618646321443937
cg22971191	0.0613764687470003
cg22040301	-0.0310942036359357
cg25596754	-0.00206804963485196
cg01554383	-0.000578423188763565
cg26628907	-0.0793313866956376
cg24217948	-0.0117844264436172
cg00638574	-0.00441024448237727
cg01694939	-0.0213106290201681
cg26112929	0.0245579575309738
cg13632058	-0.00286858158741121
cg04229059	-0.0253575720846811
cg04361926	0.0010021097915882
cg18419358	0.0162625810564881
cg21878650	-0.0308317691349098
cg25782440	-0.0418714754273641
cg24365811	-0.0138590666261034
cg26980000	-0.00780990502650273
cg21190895	-0.0053533765618329
cg24119717	-0.0242940622509052
cg05713794	0.00634141847778169
cg00810710	-0.001831458554479
cg02254885	-0.0191311185254855
cg01978236	-0.011254066374523
cg07237926	-0.0126210943686328
cg17168836	-0.00173514933821875
cg09113483	0.00776800724526955
cg12688234	0.00150465240359109
cg03957108	0.0142364754443433
cg24532083	0.000162725067745614
cg10592592	-0.0111919670587985
cg00059225	0.0691401134801364
cg23699918	-0.01464364435297
cg20505457	0.00439837496691516
cg15557036	0.0209763898420852
cg10499974	0.0141851395410704
cg24807850	-0.00495513023976406
cg11668844	0.0695617518304035
cg26111265	-0.0092243413023199
cg00806461	-0.005166011720513
cg13719901	-0.0161720180944155
cg26817145	-0.0234730274500422
cg22897715	-0.0010831752932032
cg16536918	0.0152280530412391
cg11670060	0.0201265720494797
cg03696346	-0.0277102094889246
cg07080372	-0.00658659549731216
cg23564243	-0.0475650045879975
cg12134570	-0.0703985408487328
cg10373607	-0.00671956105708855
cg13641082	0.00367873749618882
cg20625138	0.000551723989896401
cg10587449	-0.00176765022528118
cg00218409	0.0389049550992542
cg24891133	-0.0126833113849198
cg03323793	0.00677059030063478
cg26166595	-0.00628118517546531
cg03826252	0.0216644455652614
cg13543915	0.00382449029040579
cg19477084	0.00620585002442457
cg16708880	-0.000617779441253987
cg22608655	-0.0172272944982613
cg17338821	0.0345442989235031
cg02304353	0.00152233865870074
cg06981309	0.0066186658209426
cg06488443	-0.0247302068514812
cg02954987	0.0115046782546741
cg05273302	-0.00707133841488257
cg18473335	0.00502247817930204
cg24628744	0.00749745059530646
cg06874016	-0.0227118658541389
cg14310198	0.00793208801693002
cg22099723	0.00880775907143745
cg02807849	-0.000795944677119192
cg05176991	0.00795041039797005
cg11342234	0.0101371368653284
cg00748718	0.0326639977257006
cg22820364	-0.0062443562363393
cg02304156	0.0134605911946999
cg15775914	0.00158230229599122
cg22563815	0.00607924199190182
cg01968178	0.00835862223375166
cg12164922	-0.0286165360417569
cg05280698	0.00551723575923757
cg16181396	0.0251516989308336
cg05884870	0.0230800021106263
cg02228185	0.00518090839309112
cg14591123	0.00990625258707079
cg15298486	0.000648023186299768
cg00771084	0.0259258697826581
cg23500537	0.095771376735739
cg21579239	0.0145046261254636
cg07266431	0.0281399810778611
cg08271909	0.0441270018473045
cg09636313	0.0103344777194608
cg17804886	9.36350084036884e-06
cg16370645	0.0232027172520694
cg10772185	0.00780690691619811
cg23828876	-0.0127831177116746
cg02058108	-0.00525372078485182
cg13485366	0.0104831724494149
cg25418484	-0.00471025230250505
cg23208717	0.00463233917150668
cg03693105	0.00130489301143475
cg23324537	-0.0139812289651343
cg21871330	0.00928769181557237
cg09183450	0.0109036953095465
cg09454892	-0.00660337359779573
cg24263283	0.0323962745353345
cg21777166	0.00624959440807406
cg27584448	-0.0102700893393018
cg27587195	-0.00113400844007081
cg23370589	0.00127673328647944
cg11340260	0.00973951564859998
cg09349128	0.0123079027821793
cg27443567	-0.0198058721979011
cg04179940	-0.00795523421321704
cg20375220	0.0380253291727997
cg00911776	-3.62608487071522e-05
cg17042439	-0.00125882429477212
cg10012394	-0.145144193929508
cg10299976	-0.0292606957263435
cg05901196	-0.00171849977976321
cg23238058	-0.00317357070015529
cg27067781	-0.00601672060915388
cg26804423	-0.0137650462566713
cg12255554	0.0251349817470458
cg20897136	-0.0117775436838331
cg27537199	0.0182675489451336
cg07891268	0.00106814384827383
cg10002915	-0.0300572556334063
cg02824029	0.0108100019494234
cg16008966	-0.0316610596885722
cg26614229	0.0236899273898471
cg25716623	0.00840944019606263
cg07956897	-0.00210118417022747
cg01447660	-0.053035247704702
cg01760189	0.00223028845538861
cg16581455	-0.00583258467162926
cg27151122	-0.0275204662266784
cg00740914	-0.00512510514115524
cg26129769	0.0175111986493317
cg14676592	0.0897231001777187
cg05934592	-0.0255549581427838
cg13590277	0.0278968397497941
cg06832406	-0.0134794574477974
cg12079303	-0.0266024043013448
cg04191427	0.00285945831786565
cg03211864	-0.0235734500975596
cg18070470	0.00495150703660279
cg23949216	-0.00238312684066338
cg00812303	0.0559127528446553
cg11250194	0.00896629357381372
cg22162281	0.041030794836336
cg11660018	0.00165972356606922
cg08951638	0.0112210050448631
cg15519474	-0.018756884452654
cg20380468	0.00393037528088089
cg23448486	0.0685524320921644
cg23956238	0.00958328555467275
cg21750589	0.00123027057167905
cg22282672	0.00307587512210131
cg05234415	0.0138987506740214
cg18317005	-0.0124366202339808
cg15962547	0.0524372573159412
cg17372101	-0.0143284658466362
cg08097417	0.0242010511501647
cg21495653	0.00106851649984008
cg26469387	0.0579952274640791
cg00378158	0.00486845950259913
cg11084718	0.00870401190632224
cg22159815	0.0534333715199435
cg12077460	0.00800207037698562
cg04436528	-0.0326904049488918
cg16347155	3.4126051773516e-05
cg11693709	-0.0219705180140041
cg19563107	0.0486272320031394
cg25809905	-0.00897234851236783
cg27640528	-0.0232480969046792
cg14227558	0.00505036046959962
cg08425678	0.00392485281111135
cg15054281	0.00774611304264557
cg19996355	-0.0434837794850607
cg08323969	0.000798043529702913
cg23829395	0.00772573430582097
cg01757168	0.0192498544150458
cg26926631	-0.00179706776184138
cg24733384	-0.000124492901037717
cg07466622	0.0280477248229163
cg25866895	-0.00227774125940961
cg26152923	-0.00611604739462508
cg00504285	0.0175859042324724
cg18545695	0.00575030947618164
cg09219547	0.000775771883646761
cg06832677	-0.0113078281346785
cg20426042	0.00358693756782788
cg14336501	-0.00656699476413592
cg14901243	0.00924642621803925
cg12627844	0.00809616456220587
cg06810647	0.0785051933312293
cg14628343	0.00278472117460772
cg21500300	0.00668163255925489
cg10625705	0.284545034215281
cg01841306	0.00959697487234537
cg15001747	0.00925197412902183
cg04990190	-0.0133141840772844
cg15711521	-0.0508234962789231
cg09929187	-0.0754937158645659
cg21025494	-0.0442508617330237
cg16609872	0.000709206487064242
cg04749507	-0.0415013799917625
cg21100328	-0.0535961984035704
cg22811647	-0.00572616778173143
cg08441138	0.0028958954400284
cg07408456	-0.172690088291208
cg24607642	0.00141490681067604
cg23950157	-0.0486260379258013
cg19321018	0.000122084641839356
cg07209244	0.000809507092296153
cg25909396	-0.0411883047705856
cg01829002	0.0193875631079833
cg25508319	0.0429879076035303
cg08043998	0.07653723354981
cg23688719	0.000337556931727304
cg14514237	-0.00658684552315749
cg26379475	-0.0284414375190142
cg16686396	-0.0202552376645152
cg03443986	-0.0170719075230301
cg15356966	0.0132045211551201
cg22747380	0.0236563246191388
cg19267254	0.0224860229651808
cg12706425	-0.00104216389310244
cg26241460	0.00489530798938359
cg15225201	0.0208728061995557
cg15600935_2	0.00812883284116285
cg17485681_2	0.0121604312081446
cg01235820_2	0.0129421563793444
cg14439622_2	0.00040577135816239
cg04800503_2	0.0130984007459642
cg04224064_2	0.00505907600566284
cg25691775_2	-0.00190405315205527
cg01510388_2	0.00155869977128955
cg19628934_2	-0.000645733001137164
cg20072171_2	0.136908897356329
cg00347938_2	-0.00776218254501289
cg06425868_2	-0.00180242849636574
cg14284824_2	-0.00499771046842791
cg00741624_2	-0.0445722437106622
cg21410991_2	-0.0108645075771767
cg23715749_2	-0.0022079644910219
cg03758021_2	-0.00908352807374991
cg09563216_2	-0.0202217255213323
cg14288049_2	-0.00535006703183305
cg19403534_2	-0.0253046469972608
cg04331189_2	-0.00347678222475481
cg12457773_2	-0.0281999608690146
cg22719623_2	-0.0317109984680721
cg16110788_2	-0.0104949462762826
cg12516875_2	-0.0112517505193353
cg12087471_2	-0.0112444540696803
cg11142333_2	-0.00121720930154042
cg14431734_2	-0.00511384518829911
cg25861699_2	-0.00860850332333722
cg21865845_2	-0.0486013758562858
cg13826452_2	-0.0171418922658053
cg01201215_2	-0.00121792555931409
cg12554573_2	-0.0216917844702614
cg00574740_2	-0.0100856031543147
cg24143374_2	-0.00838359542911391
cg19351603_2	-0.00794890481936393
cg14257429_2	-0.0294005336108513
cg19686152_2	-0.00356142229161916
cg07742396_2	-0.0364198129077041
cg17152981_2	-0.0819100693456637
cg08405119_2	-0.00707691497777072
cg26725076_2	-0.000271245364134495
cg01236063_2	-0.0201299594285054
cg06832008_2	-0.0135326706615537
cg18384588_2	-0.00332143997103925
cg01765641_2	-0.00445565209086797
cg06711259_2	-0.00252264222645441
cg21725716_2	-0.0593380864187127
cg23500537_2	-0.0295232354376928
cg00138101_2	-0.00396446355917318
cg12680719_2	-0.000328018870319855
cg10674793_2	-0.0108638716938759
cg04792712_2	-0.0711067144457484
cg17790928_2	-0.0227808475701589
cg18689332_2	-0.00285909736672411
