CpG_Site	Coefficient	Mean_Beta_Value
cg04358214	0.0035393260518221	0.5038510774075384
cg19623054	0.0268299645597974	0.7469205895354264
cg20533952	0.004724572972414	0.2103663806666551
cg16750801	-0.004676314415518	0.1601680539582471
cg00124375	0.0046835933075087	0.2081139717837807
cg01610165	0.0244270361687315	0.1363982374500792
cg02741882	0.0039129408757182	0.1759413418188405
cg02773945	-0.057548938401432	0.0840646810983716
cg19915582	0.0059627327197916	0.5744757577889144
cg16969368	0.0056457010950641	0.2151387563721797
cg04503319	-0.101680438433704	0.6311414099424804
cg01281911	-0.0231311205750519	0.1023765334213785
cg15614119	-0.0019281772752427	0.6094273160093447
cg22866825	-0.0033021013296733	0.1695012569279959
cg22272840	0.0023847354340381	0.1420933101031342
cg07357157	-0.0200812114088502	0.8557443678068481
cg21322436	-0.0058446512586731	0.2447956349936766
cg00931644	0.0151075448298354	0.716467245367954
cg23520688	0.0310595206557974	0.889525115846257
cg20164887	-0.01113394889475	0.2427896294982871
cg14381448	0.0115929817020454	0.2814501286774566
cg07806886	0.0181761391852508	0.1366807542935789
cg25090514	0.0743397782635191	0.0764054606628903
cg02928699	0.0241694207773142	0.1955135214475825
cg09432590	0.0268282015895832	0.0874978430459254
cg09105193	0.0053834123714243	0.1213918819981118
cg24643922	0.0225471473596996	0.7342649867350404
cg22557662	0.0063230958499661	0.1227285215505349
cg08915171	0.0188098474667487	0.8627425559000023
cg09776718	-0.0283920469012171	0.9081199548710824
cg16751357	-0.0117155632484552	0.3288575685115771
cg00147286	-0.0142998350340162	0.902611874812214
cg11606444	-0.0048880614584262	0.6502983330694244
cg13033938	-0.231641939361997	0.0804485565028123
cg12173150	-0.0112575582013291	0.3060979774643355
cg26161329	0.101004499471554	0.1986128106545156
cg00298324	0.021127497186362	0.3204196442808275
cg27093143	0.0052144198880921	0.1014999584910998
cg04972348	-0.002558674254958	0.7091473347681091
cg23606718	0.0807201038144748	0.161745527552436
cg08813062	0.008253916157561	0.1190383325580042
cg20994660	0.0007154583507562	0.2310219281687618
cg13785123	0.0022409181806681	0.5069084901105491
cg05351257	-0.023682265179832	0.0837904534462643
cg01405582	-0.0504843071080884	0.7569667068888335
cg10151367	0.0206726388631299	0.2220184241214263
cg27617225	0.0070773601937713	0.5872665419409273
cg09476997	-0.0003833582088251	0.8643879095853814
cg15033140	0.0042131567256437	0.7459289827516686
cg04945331	-0.0301762169758861	0.0831078498298514
cg27344587	0.0141714700595073	0.1132653518648002
cg03306615	0.007946559082124	0.6459212380992518
cg24505618	-0.0140239530239739	0.1131789210424796
cg22796507	-0.0314725386563977	0.0909913475140419
cg05714552	-0.0316717134011517	0.4207546627753286
cg19451845	0.0151560786050267	0.1336236777583067
cg20809087	-0.0180115313074217	0.0968990893194656
cg04027736	-0.0053328234652625	0.6400606089731133
cg02368812	0.0017966624842677	0.5062325245595148
cg04324758	0.0036583538413318	0.0967319560457065
cg15906794	-0.0168588394960689	0.0640620483532014
cg14704921	0.0276966448684288	0.072775584947576
cg23424933	0.0191442863091156	0.1337278399469286
cg01993818	-0.0038248942495255	0.6751756064440946
cg16703882	0.0374734769568676	0.1062994717040429
cg21927946	0.0871711696210146	0.0885727179788448
cg23904955	0.0021216075888939	0.6301267203754216
cg17384889	-0.0034647667323537	0.1472901299404338
cg09984392	0.004999762827827	0.1686394030482192
cg27558541	-0.0234602084862604	0.7953971074656256
cg22382836	0.019115013142368	0.5302099202060121
cg25677261	0.0003756867174	0.7357115325854731
cg25541528	0.0001401413902247	0.3624526493223904
cg05575921	-0.0031863879003987	0.8043452343632319
cg00175344	0.0178844718686741	0.1197304353349952
cg11039694	0.0182502339246535	0.1363084007688087
cg01620164	-0.0183887300059421	0.6084319298627597
cg00135497	0.0086633251960645	0.868926375116737
cg00593900	0.0049341055983321	0.2149052452955962
cg00664406	0.0169454140506254	0.476558408066837
cg06473363	-0.0091529619540726	0.6937017727036782
cg25458175	-0.0036788953429189	0.0840179144313414
cg04462774	0.0099697005976229	0.7906265279154504
cg10244666	-0.0189748553783827	0.9389931164982108
cg23039195	0.0053899379421929	0.1244863808378275
cg14439622	5.80459045707163e-05	0.3829953363357715
cg04632887	0.0136540987567821	0.4885379425734376
cg09848695	0.0424596431110471	0.0584642008551066
cg27075187	-0.0511341278866106	0.025168541364723
cg25827490	0.0015892889544993	0.134552355745354
cg14481208	0.0047673700201561	0.4154045138519281
cg00099441	0.0012030473243874	0.1315094664366145
cg21330896	0.0026612347552703	0.3014320177714569
cg21570988	0.0021580916252991	0.214394027056106
cg18615457	-0.0243903713709835	0.8210458851381407
cg07678904	0.0618205213931822	0.0437047764081672
cg04086097	0.0071365086866741	0.2150021912672943
cg21467614	-0.0203761182586376	0.1799778523865964
cg19227031	-0.001497362076484	0.583520819779369
cg08927006	0.0023323167239607	0.1124083366549826
cg16271600	0.0032951845237678	0.1242630740747607
cg11581706	0.0061409239888807	0.1142447996532513
cg12497914	0.0008950478736545	0.1183519081060126
cg05991454	0.0153216871187946	0.1640177343043264
cg13070763	0.0481004345401894	0.1315510890584256
cg01589860	0.0140238929033108	0.5637081275101559
cg04597433	0.0001582058087763	0.206105287293295
cg19127283	0.0070785465621043	0.0537421257937788
cg05213896	-0.0008707977409254	0.2513177409627237
cg11324116	0.0008291085726207	0.2718550260717053
cg26890189	-0.006495095467357	0.1647010841422722
cg15728256	-0.0058987559373265	0.1201756682102279
cg08620329	-0.009570226099448	0.6988068817239798
cg26775087	0.024503368246112	0.7748371138994528
cg04400972	0.025262816417205	0.1869244590800411
cg10072464	-0.0015858333446656	0.7492740074506221
cg11326429	-0.0063127991872875	0.5494987819339129
cg09867669	-0.103751071462064	0.9336533761139432
cg11997468	-0.0033324916248415	0.5551619884676263
cg08540945	-0.0239442966340155	0.1199462210184379
cg26612409	0.0521126845578098	0.8235849241061378
cg05404236	0.0170044026161392	0.2830721772151749
cg15046818	0.0534188830522664	0.1173803008902674
cg16886175	0.0094464377714118	0.5317875950564981
cg11827910	0.004187560897424	0.1259189243502621
cg13246235	0.0041954128251199	0.3002000323914475
cg04748223	-0.0132558489171792	0.5367611019807247
cg21570209	-0.0015369821432509	0.4014465888262533
cg15027907	-0.0121355607075187	0.1890456041047071
cg06782035	-0.0123400378072538	0.1372856799781942
cg14920289	-0.003625766883318	0.3841678486481674
cg12077963	-0.0167705396174128	0.6731422313458761
cg14200569	0.0035324866942058	0.1388561516047155
cg00823843	-0.0062827537480238	0.6440773539642889
cg12332674	0.0016310435548719	0.3078284067004447
cg22708738	0.0190892886192105	0.1627338968225945
cg07207652	0.0085490386253649	0.7083610333480159
cg20918393	-0.0028633270061884	0.8340768982132499
cg13247398	-0.0267661751217484	0.30067624795252
cg15311822	0.0572506164026845	0.1263946873270318
cg25482146	-0.0083668231379355	0.6128822722904851
cg01885071	0.0012730616133654	0.1366333037248536
cg01022974	0.0147150504346798	0.1466876813700577
cg18406197	-0.0174314933598691	0.0759661357243403
cg13673164	0.0071079401294033	0.0922789157762752
cg19717773	0.0084087870379052	0.6242416383026078
cg01435643	0.0125808481712323	0.4741055130694352
cg02891728	-0.0055036925376665	0.7743216301204912
cg10179004	-0.0015554739958696	0.559651104314099
cg04937184	-0.0102590908038472	0.3259721103902888
cg10071824	-0.0114403769927302	0.0658501466636532
cg00352652	-0.0469086681183555	0.9466214552025528
cg23461615	0.0105716890156684	0.1573049587150294
cg19809499	-0.0733103728195901	0.049552957122258
cg18419175	-0.0197005088201582	0.7465965497061063
cg26665035	-0.0009870262304934	0.4619328343269699
cg20491914	-0.0075741174056742	0.3091693242409202
cg26348487	0.0019953521246951	0.2210707142727575
cg20315346	0.0397587562316706	0.0457944587053286
cg24531022	0.0291529582612896	0.122466080186015
cg16745829	0.0204169746037599	0.0719992505455963
cg12889594	-0.0458944167766471	0.7128323472421886
cg26967842	-0.014090376594871	0.407770597428687
cg03527802	-0.0049983475596441	0.5082496711375136
cg00220952	0.0123345540239617	0.0414198890025325
cg26675379	-0.0080432539732682	0.7983552058906561
cg01444397	-0.0033640578964934	0.066360603907012
cg03541887	0.004944876583986	0.6072108509265407
cg21205288	-0.0937091864209709	0.8467239120602127
cg07739179	0.0044338637385197	0.3638066059119895
cg17801295	0.0081782378999081	0.8772575696718715
cg14871932	0.0028481396308392	0.1621180044077262
cg18146737	-0.0067895835308325	0.8933583544431777
cg20426994	0.0539916073645466	0.1216607224500046
cg14315334	-0.006080030155639	0.1815962958893419
cg07336350	0.0223317058200651	0.2574168708273339
cg23586996	-0.0137330001320061	0.8381541561279207
cg23781334	-0.0428241047918314	0.9012097403780378
cg03485674	0.0151071375258772	0.4003093783928172
cg15638292	-0.0110626040931828	0.6000721943210584
cg09320690	-0.0429312421375359	0.0873261564205191
cg03120289	-0.0219821967713592	0.0548217963978938
cg15876825	-0.0315044947087101	0.9474688737845588
cg11766468	0.0548496911216045	0.8056292364770862
cg19220719	-0.0040058786312183	0.2306051888151793
cg26656658	-0.00779000031074	0.5993042301200958
cg23995914	0.0217648346435612	0.2244915343352615
cg23543123	-0.0027311259533112	0.0334321350769483
cg00548708	-0.0009281979775975	0.1559197898686687
cg13588023	0.0083606545548226	0.0671773175225214
cg04027548	-0.02244180293968	0.4865131147783812
cg26307926	0.0284299576315921	0.1205936284511622
cg27376136	0.0153306300011026	0.1250563074992736
cg21558509	-0.0057653140398492	0.7567514020188564
cg21158737	-0.0604380253921352	0.8657211452304725
cg23040424	-0.0084248307022118	0.5346543742240407
cg16909962	0.0638318694117426	0.0498152633916879
cg16659510	-0.011950938868207	0.8044341448910177
cg03025830	0.0263764325553675	0.5494912738790333
cg04501188	-0.0012928460383193	0.0620031835685886
cg17329494	0.0022212592228784	0.2153251315791603
cg06965409	-0.026570458303173	0.8500299820132257
cg17471939	0.0083014509577839	0.4451262476591613
cg01867395	0.0363113952124026	0.3489470905244095
cg08424749	-0.0009402684256363	0.2588413386708884
cg14036830	-0.0190009634868474	0.1284917608404827
cg13523236	-0.0398230796163514	0.8983096270275002
cg00159523	-0.004859043747034	0.2692702932229719
cg26916576	-0.0500793341949713	0.9530285330125242
cg24349631	0.0028678457863647	0.2322946863513826
cg24231380	0.0207409860972005	0.7477063175202392
cg01592801	-0.0117642748592614	0.2180699980049915
cg11183227	-0.0032384672579613	0.7513785779152155
cg08136809	-0.0159810626831398	0.266714178273342
cg11609556	-0.0072900856157595	0.5290032375949925
cg21709871	0.0063777744405047	0.2899124214041439
cg01723606	0.0186308397563952	0.9398351763597564
cg14441480	-0.0053943048940362	0.4925117988694893
cg09848638	-0.0174496684109698	0.7609320794012686
cg22139166	0.0177707859552743	0.1887911102751721
cg23079012	-0.0032199361932264	0.921177522922378
cg22994198	-0.0013731491427998	0.3062835694526156
cg16419235	0.0617343408301759	0.187455515603155
cg22821289	-0.006924801617782	0.8619170932254264
cg22521333	-0.035961878440003	0.935540436379396
cg26445541	-0.0155422937034269	0.789200848114734
cg06889971	0.0175116477451512	0.780424823152769
cg03575969	-0.0186175711967048	0.6587192038990485
cg08061524	-0.0426140952274029	0.9480235182535672
cg08632909	-0.0014372127956539	0.5321009696209881
cg17243628	-0.0284488404183483	0.7245903164151827
cg12546181	-0.0664624318694106	0.0448366521635846
cg11071401	0.0464789871543407	0.405969605082057
cg13381984	-0.0082754848521269	0.4163451198977235
cg02631838	-0.0217338257705463	0.1303249275860331
cg08621778	-0.0121626750128796	0.586500335517118
cg16284674	-0.0021293435491998	0.8681775151651723
cg12227172	-0.0433237870011282	0.1702003178246854
cg16743273	-0.0115133931419676	0.6944900583445349
cg26664161	-0.0323986100773226	0.0840408636453215
cg14644204	-0.0313966670128223	0.4015027673815797
cg15441416	-0.0036980102955323	0.8658820187548735
cg22821355	-0.0035638068813322	0.3916787336288741
cg06594404	-0.0138907984154089	0.2787504981781151
cg06893273	-0.0045461986502306	0.4993113582888271
cg15243578	-0.0414028080670671	0.5011738872208468
cg09434500	-0.0077080402536839	0.0810357202362558
cg09050670	-0.0021247984230598	0.2370265890024666
cg05997730	0.0063036512640472	0.769008056662273
cg26307359	-0.0284944789156261	0.1377030159060682
cg21869046	0.0062420944046995	0.3905673436980555
cg17441377	-0.086566609093159	0.9318524758112856
cg12589298	0.064448435760044	0.0765926726702483
cg07201996	-0.0013140925590201	0.6991653859280125
cg26354128	-0.0034711452030532	0.1505763035831943
cg25778262	0.0106003401100282	0.3033114028120772
cg06744585	-0.0348940410225531	0.5438026200422632
cg12428514	-0.0003437784380203	0.8622491557790206
cg18956549	0.0469907532141268	0.095333679398202
cg14811319	-0.0034929559092883	0.5604446311878344
cg24724428	-0.0325233695672453	0.236265549088931
cg12348202	-0.0186737720189509	0.2419147770775949
cg19140429	-0.0051585508461921	0.5643010476805718
cg22608646	0.0077051128218925	0.6038652960289583
cg27561907	-0.0026320774216121	0.5323431809137342
cg23189410	-0.0004011200600852	0.3280938926384946
cg10372921	-0.0174244975374191	0.4612862109577313
cg24695071	-0.0125381368579785	0.6823122286789159
cg03442712	-0.0208495357285741	0.8163424554967553
cg17469479	-0.016151313501797	0.6753825802709298
cg19977966	-0.0019557053946293	0.1283869958418457
cg05412028	-0.0979333345922327	0.1798446637620694
cg07895132	-0.0155452521260943	0.4139101725143872
cg06106599	-0.0010052877390037	0.7175486697313292
cg19163067	-0.0021352329836793	0.5219625604463229
cg13285174	-0.0018102703867464	0.5264512084434154
cg18247055	-0.0182727642673882	0.1073690520151112
cg27578811	-0.0101979510929231	0.2156841683804718
cg00254079	0.0118683884961112	0.0554474371688977
cg25580656	-0.0305518333970262	0.8301617143765354
cg13026550	-0.0069845335359757	0.8561455018920945
cg08787968	1.7584288869048e-06	0.5248428570585157
cg01120509	-0.0056338486862596	0.3759541250019437
cg22985172	-0.0122780237683152	0.5813161752698831
cg12468774	-0.0003420718578805	0.5686415168178748
cg14858786	-0.0761457165568939	0.9518881318568284
cg24612059	-0.0423793630649208	0.9587187993116988
cg01135780	0.0089125330106458	0.0623395428991482
cg22957360	-0.0038087500899982	0.7946080249489268
cg18126442	-0.0142838125633518	0.1150161772664092
cg13983686	0.0265715017708546	0.1689935201853819
cg12978040	0.0118205440881113	0.2045037297715766
cg24159247	-0.0339294079684385	0.3057683971539851
cg11001739	0.0038065410105933	0.8757172758195868
cg27287951	0.0329645268967332	0.906309180835861
cg09854615	-0.0482349412388325	0.616546606026577
cg23328622	-0.0251576268175924	0.0560370233128284
cg18034295	-0.0083109987582692	0.7441927363522584
cg09482050	-0.0122676652035978	0.6459434953912675
cg18468088	0.0701677893058911	0.1735140995130876
cg09578937	-0.008198650963863	0.8605081991987409
cg19025811	-0.0246716387213188	0.6138857289630189
cg24880818	-0.0019913127650941	0.4704348877462723
cg27466532	-0.0461038818313266	0.5193751543492033
cg08079908	9.4823177763457e-05	0.1500200204934878
cg25967031	-0.0122470066922787	0.8062734863746571
cg04419610	-0.0081114036145637	0.1125272243806412
cg13980609	-0.0114530753713943	0.346326118933241
cg23060513	-0.0122631911978078	0.6960368008018846
cg12226028	-0.0004437211629275	0.3757364044969443
cg01612292	0.0007211726634539	0.8256913244180335
cg10690919	-0.0127782502183128	0.8687225161149805
cg25977493	0.0053992900550783	0.1696256782099341
cg12229367	-0.0036012980823081	0.8425347768062794
cg21333217	0.0453198552409912	0.8895126748117815
cg07957458	-0.0016768928048968	0.8788192125961084
cg01915516	-0.0108816756155472	0.0992907317612421
cg24220279	-0.0001501616216619	0.1099088666122398
cg19302722	0.0359060036980941	0.0549741920788406
cg01106572	0.0126530468285185	0.5937641195069809
cg23471393	-0.0091287636304156	0.6509066572521222
cg25792518	-0.0033424983417933	0.6185444203293101
cg10729426	0.0146692104454346	0.1640111130456332
cg14066298	-0.0105524603280237	0.4924467195781786
cg15296767	-0.0312279738877077	0.3446692103028039
cg00688297	-0.0024360387754401	0.1657680909550039
cg11001665	-0.0065396806412688	0.9348267510170396
cg13457427	-0.0082485969314385	0.8240540209341353
cg24852565	-0.0176752485684381	0.831443470923408
cg09667606	-0.0085545142572928	0.5484633868125608
cg04218812	-0.0006702379806493	0.0820539343884306
cg02016130	0.024738826304113	0.2337176563222718
cg17484671	-0.0046175156725716	0.123697713335873
cg25499099	-0.0157420451098825	0.1988253948249467
cg15030849	-0.0132492748017279	0.2077261862878867
cg15971496	-0.0041972720697338	0.800936946262729
cg14533068	-0.0184684288047255	0.4803060328979734
cg06970884	-0.0083137215764711	0.2025881782034282
cg23934927	-0.0242363058785243	0.0564214826278587
cg26073542	-0.011588305267231	0.7509590322401728
cg02973171	-0.0263437126044846	0.1650002625458103
cg22897615	-0.0039869559296963	0.1824359359747941
cg16361302	-0.005324228798557	0.0961376660985865
cg24683414	-0.0325331319167559	0.0866307060120098
cg02869559	-0.0108554036996991	0.453021897911702
cg14352586	-0.0128601985545096	0.3958457560696437
cg17163527	-0.0513348839203115	0.2135728260484644
cg25124276	-0.0070705801899225	0.1427121925678055
cg05118960	-0.0485845746404588	0.7973468794138435
cg14338526	-0.0199969936560654	0.791801798463657
cg16312514	-0.137657309469583	0.3060463890035141
cg02577387	-0.0060575083518881	0.4881720258828371
cg03776506	-0.0114865655385105	0.912516252612296
cg07134632	-0.0043155472548546	0.6861150120328036
cg23688411	0.010006040564418	0.1052464378528377
cg26675395	-0.0022474419320427	0.5088379533376133
cg02097604	0.0437323084760033	0.8308326397702226
cg16776981	-0.0214637140966729	0.4974649483816244
cg08358907	-0.0141105924378261	0.4018090587806191
cg21469707	-0.0304079988440695	0.9356982944316818
cg27025752	0.0309148027315417	0.0414849772502403
cg00853733	-0.0065316729420187	0.1293313642293209
cg13498289	-0.0589690652985137	0.0463748817148613
cg16579893	0.0001138612681687	0.0806914700040647
cg11299854	-0.0913985075396083	0.0601015341138326
cg10366093	-0.0054621083721214	0.1904693399199136
cg06765217	-0.0189978899783887	0.0961502867149902
cg23632752	-0.0072174402468685	0.6020529083074826
cg26608174	-0.0011547838600533	0.1933849002099834
cg16279999	-0.0009002314454631	0.9158398451129284
cg17858328	0.0169511075273444	0.1017575992171585
cg17540765	-0.0214429072033851	0.610920830211894
cg23346544	-0.0631189035072344	0.141240998453768
cg17285931	-0.002084016305524	0.6393173418397615
cg04731544	-0.0020000904931072	0.3473051090563691
cg16615829	-0.0142978612855538	0.4658029919377967
cg12530994	-0.0010324831565461	0.0924926319279845
cg23368787	-0.0080147770130571	0.3446331808738027
cg08118908	-0.0147634051455289	0.8834823212729911
cg05016408	-0.0004738069944141	0.2873509839780768
cg03301200	-0.0248733090715352	0.0863614697963914
cg00063006	-0.0024904526837281	0.6680957002543255
cg24830730	-0.0033112137796234	0.4945557210644858
cg03802696	0.0310134005530165	0.1463717199613002
cg12804791	0.0057782901236736	0.297185417647376
cg07553761	0.0538570694271244	0.4443435323344975
cg24955895	0.0123314024093471	0.1018467747587612
cg07250214	-0.0036123757199194	0.4795139312844182
cg06222087	0.0290092538455307	0.8385855780579894
cg15750303	-0.0053031100005233	0.7222697538648346
cg23552977	-0.0505858221077284	0.1881733447627507
cg21801378	-0.0113155326012033	0.0653409331791137
cg26103104	0.0079028650104731	0.6687280148453285
cg02150077	-0.0305464837277803	0.5946592255549069
cg21186299	0.0148766777927395	0.0445041459762476
cg11738976	-0.0119800763530042	0.3493992582068495
cg05647602	-0.0054557055027241	0.7742848996925216
cg06105699	-0.0086952976556724	0.5043762296210142
cg01571001	0.0013585781078607	0.7472805567771881
cg17179314	-0.0066566853432021	0.5672069809670981
cg04643969	0.0124970869652106	0.2155127220553711
cg19283806	-0.0321983344186875	0.3073201100962335
cg13389502	-0.011927750668752	0.5426263606518495
cg07159958	-0.0010617859443366	0.2492760629250726
cg09887059	-0.0057674308877518	0.2161413669172141
cg18318878	0.0002028727608424	0.1404415165669883
cg13187188	0.0008794097304647	0.8000017033026182
cg16497398	0.0152190646331937	0.7560843117220386
cg15900248	-0.04466885213361	0.1576852375194223
cg07394446	-0.0128509951317431	0.0747480834449689
cg23471348	-0.0074392669239911	0.7491109177233539
cg19881557	-0.0028818615976948	0.6000582177058907
cg12685846	0.0102446961906129	0.1441824851019993
cg18219563	0.0152348211537012	0.0753982374459463
cg00033551	0.0003566890627705	0.8333613731774088
cg08542473	-0.0048107350179259	0.8787394845618132
cg19065831	-0.0070564609559686	0.1074087270764852
cg03899510	-0.0060599978528402	0.4802101381342586
cg17624073	-0.0032797128396897	0.4888209876789879
cg26663636	0.0003170687936747	0.9228866080434212
cg13682598	-0.0157995101326531	0.7809570639520456
cg09366730	-0.0014210791026881	0.7862524228489502
cg21228424	-0.0145479971623362	0.8931417062541958
cg18929814	-0.0322292554615398	0.5969926605304169
cg06829968	0.0174708852029394	0.071258983896282
cg14556303	-0.0051562927491398	0.0448288662569469
cg25933341	0.0051576969766957	0.102034278080895
cg01948202	0.0031027821288279	0.229051275569975
cg10274029	0.0028506462021583	0.5643907517713976
cg22268271	-0.122378845823993	0.0766817555916539
cg21159993	-0.0117723246773113	0.1530432039387377
cg08342886	0.0632398788692665	0.0719530567897612
cg21405786	-0.0009597720274297	0.4872679382418305
cg15994182	-0.0041466294960205	0.8263798815302725
cg10501210	-0.0920939587844883	0.6998950526289454
cg17694795	-0.0193981052557952	0.1786418496522943
cg02132714	-0.0003045493163662	0.1983461386993595
cg00711896	0.0397945594120619	0.8525741475438655
cg04821375	-0.0089355633676944	0.3024401988202652
cg07104417	-0.0039374974828788	0.6353140080964048
cg00448707	0.0041970107444905	0.7420452014862328
cg18322569	-0.0083035327852071	0.2279867898056506
cg09022921	0.0274243732448709	0.9514555235424546
cg22353329	0.0996080172989116	0.1096120312707245
cg05165553	-0.0151771171504779	0.478397798431695
cg01877778	0.0671955540406037	0.914771928861328
cg18316974	-0.0014193020219749	0.8982600561965605
cg13676763	-0.0042051459976429	0.5423475986261509
cg13322252	-0.0048063624790662	0.2212600822511428
cg19594666	-0.0032885182362403	0.5071635588771759
cg24218925	-0.0171261621654958	0.2373503807081864
cg23218354	-0.0060128451052633	0.6971145360809886
cg11771383	-0.0009828220871749	0.4792234802731619
cg06391982	0.0021944741777613	0.3674332850548094
cg16442402	0.0007124249414848	0.7564153462153378
cg09515953	0.0037020169393971	0.1354725413962519
cg21383487	0.0105824110420539	0.1281976617273752
cg26844246	-0.0133492462664976	0.2531379931334589
cg14244013	-0.0009699849751584	0.3246181378060712
cg03931865	-0.0089107745230239	0.6778805455068097
cg05027554	-0.0007063491742163	0.6149566637459147
cg10967866	0.004506660643036	0.6128746424616407
cg12127472	-0.0037046843892942	0.1147806537471081
cg20290360	-0.0061153980687962	0.8155830020491519
cg15341124	0.0041500786052437	0.4421090635216684
cg05083852	-0.0029999400207041	0.3991626263280985
cg18280125	0.0011500608234966	0.9147768508344444
cg26685941	-0.12493019042181	0.2045629198186317
cg19137107	-0.0134808678388016	0.6569208484007333
cg01891736	-0.0001719152885721	0.5553722389584653
cg19821713	0.0024111946564864	0.332012694509396
cg01542019	-0.0442026654589339	0.6046994487163385
cg22434506	0.0186457089031416	0.8680748651986695
cg26003909	6.76186484968194e-05	0.5864875792669082
cg06784991	0.0656277401615758	0.2035324655177346
cg09965668	0.0313539164322195	0.9144531266913288
cg17222645	-0.0004637225231177	0.13625539138808
cg01510388	0.0148509362309437	0.4422167988120691
cg09084391	0.0178868345485959	0.871410445923163
cg04101060	-0.0003084942915805	0.543399139864367
cg07435445	-0.029386626089165	0.2322810007272456
cg03217337	-0.0064463601615663	0.7806895743815772
cg01580888	0.0196943590635643	0.1070620421617389
cg24497732	0.0511468196533728	0.3465764112316098
cg04116545	-0.0822243063332845	0.0699741296983532
cg19628934	-0.0070643700984214	0.487875321759761
cg27252164	0.0206767182627162	0.1747239120770805
cg05996538	0.0007030608618991	0.7678439491497964
cg02724461	0.0049830186225109	0.8448538226118946
cg25241559	0.102503476384592	0.8841213160451946
cg20601192	0.0557514328954924	0.8757506666344456
cg12873476	-0.0501674607055239	0.6889608309050079
cg10321236	0.007207596043104	0.5408427271735162
cg09929238	-0.0003207307292132	0.6113627745448882
cg12400336	0.0189339628236925	0.07787762571507
cg06768361	0.0156509069574377	0.8800490463164505
cg13407335	0.0324037747346804	0.7995816519632063
cg20457732	-0.0001905707931688	0.3571071831835677
cg26830108	0.0018898069830887	0.0573908980063198
cg07060551	0.0765355698554831	0.1506402951447362
cg25260426	0.0071706252535051	0.2782668879456169
cg24466241	0.0138409632866567	0.2196513577545533
cg17465752	0.0036041563335736	0.3621693848110425
cg04295144	0.0118228210377136	0.6047129845702583
cg15746851	-0.0194951632016552	0.6915154349133429
cg13846270	0.0156217547014359	0.4740547740850603
cg21380181	0.0187207461987792	0.9240986940444348
cg09085220	0.0048206327945381	0.8905176975657115
cg21566642	-0.006605849611173	0.554039946430089
cg15043384	0.0051443751453521	0.7138559177279903
cg06192381	-0.028881826169583	0.091801641797144
cg03342928	0.0198924157650623	0.9178736864769572
cg09187107	-0.0049057122296049	0.4998149679325069
cg01966117	-0.0071268850595985	0.7369385107655904
cg02213678	0.02797611072805	0.9036096190513973
cg14557185	0.0050649758338081	0.7548970731610446
cg15205547	0.0222946823010313	0.1033274374533266
cg16489193	0.110121457534215	0.0830439463940368
cg07679370	-0.023283865403769	0.7115418386771433
cg08364767	-0.0232483435278485	0.0582446050424244
cg12597389	0.0371475896557226	0.1699545454520403
cg08046044	0.0337011491475225	0.3711740982410882
cg03987199	0.004017910182071	0.8454896901716902
cg05928290	0.015025438892552	0.948370634384316
cg04509100	0.0017166299498029	0.7814673140392285
cg21063716	0.0032837232277234	0.276858519343786
cg01558040	0.0080260691665553	0.0766791638118022
cg03179291	0.0466897630514821	0.8847093693654112
cg06145800	0.0064021855238154	0.7595005879683218
cg17161718	0.0013748193193279	0.1456894134859182
cg07955995	0.0101547820958478	0.0752769715422873
cg21887193	0.0348745196629343	0.3344192039712454
cg09944697	0.0143519716595032	0.923691217335624
cg07996594	0.0209015402091565	0.8761682795769616
cg10097464	-0.0025343759781539	0.5539762233856662
cg14343513	0.0001453054721004	0.580911622949362
cg04497992	0.0032278179628409	0.7634222640459237
cg25129541	-0.0188815290664739	0.4199971187853498
cg17478979	0.0352288414764483	0.4567078010358451
cg08438435	0.0380176709373622	0.2138898612420014
cg04894619	0.0059688037466679	0.0556718999195983
cg00565688	0.0210578834221577	0.1676001376263863
cg17890940	0.0002120555326698	0.7826231005483109
cg18031326	0.0126923675259134	0.5738027761208658
cg03750567	-0.0041442086585065	0.7578933112966195
cg17804348	0.0012105585349646	0.4966671263999029
cg17510385	0.0041283085651837	0.9000042301859162
cg10338787	-0.0098095173424555	0.323539136119284
cg04873098	-0.006002647402392	0.6349499593900559
cg07923390	0.0617872990903363	0.8078208511829454
cg18848959	0.0055225842322162	0.799051937971995
cg00711496	0.0021811447856591	0.8435728827072585
cg26305504	0.0193703846845723	0.5836113515205891
cg16206504	-0.0350446159033632	0.541421116363646
cg14556683	0.0625040572990393	0.2883065815184775
cg19317226	0.0007489150456552	0.7696275067279362
cg10804656	0.0449225435463875	0.3639662762206581
cg17603689	0.0153780554563	0.284495201617583
cg23445341	0.0360053107461436	0.2777517996647164
cg09001549	0.0102389746314325	0.8059047968886995
cg05783384	0.010001553210695	0.7600182403587754
cg12737938	0.0226736227787329	0.8427301638452798
cg23051272	0.0107807643948921	0.5186012893714378
cg23918296	0.0008910683724731	0.6326254970668167
cg18990407	0.0058211412960146	0.7899741170207434
cg24932788	-0.0405800348770473	0.0856907265633062
cg13985198	0.0001518502042003	0.1487581703949336
cg17216759	0.0163872008452301	0.1036883081192558
cg10843343	-0.0086704820372528	0.6184039985953796
cg25806701	-0.0218223320577563	0.1326375961923445
cg10542584	0.0202526074692537	0.1161673083754527
cg20251225	-0.0328800906689513	0.2453048675658084
cg15609237	0.026610366582856	0.518119112236964
cg16867657	0.403665262723461	0.6185678463455154
cg21375204	-0.0090587774423203	0.5827159349272898
cg27304729	-0.0187909621765262	0.4055198143489988
cg18445088	0.0257667055336537	0.2356872487185803
cg05949667	-0.0105455959209499	0.553473494490796
cg08661469	-0.0028182824604568	0.18481677920827
cg27252696	-0.0211042686237198	0.0718499690729363
cg07769588	-0.001559669408399	0.5231658904503184
cg14621254	0.0035248407135261	0.6578883092467139
cg22282410	0.0052322344711099	0.1501310107050955
cg09187007	-0.0007925663032883	0.3314488794095124
cg25921813	0.0088958516936637	0.8771508169380753
cg04187185	-0.006247641832207	0.0749136094673819
cg14614094	0.025097304734964	0.7359776823973881
cg04432599	0.008669902091745	0.4978170238679453
cg06522288	0.0153149794617036	0.1140533871931721
cg14757228	-0.0169679000143096	0.1075136156350751
cg11429111	0.0159649692377008	0.7147975900301443
cg14746276	-0.112577886417781	0.1711174714812534
cg03837292	0.002207890975065	0.8898241811793309
cg09614389	0.0126399029464274	0.2947202460583039
cg18560204	-0.012133030202157	0.1502171341637583
cg02993991	-0.0089306794176617	0.4913646572867701
cg03760191	0.0914564842311701	0.8802524178943303
cg15404665	0.0167720005535105	0.3844658044536256
cg04605980	0.0105076326853169	0.8047682709906128
cg15133018	0.0132172611257817	0.0911857935039362
cg01873886	0.0344834919837132	0.2208056685668572
cg05578840	0.0112713305870807	0.1842538730838326
cg08157575	-0.0124637214030237	0.7133430748850488
cg24222580	0.0383324038330883	0.5631999885293119
cg10177394	0.0004483389920289	0.1517133918777893
cg15154047	0.0089615224590424	0.4903913774143985
cg00094518	0.0069775842439938	0.1899699878222995
cg15847527	0.0384050983644758	0.6889865057579763
cg11538641	0.0022349299434878	0.1197648509939853
cg24125828	0.0256878846910429	0.5737426523970568
cg22138735	-0.0017375231321204	0.4395842378935019
cg09559780	-0.0058417876631523	0.349053345618966
cg09935271	-0.008026382731439	0.3870441022830601
cg11006267	0.0105003600341758	0.2115385212202756
cg25761791	-0.0070270828187129	0.3937326772583194
cg12611243	-0.0106338082915692	0.6813635276285073
cg11468085	-0.0159145164035412	0.4478827298914847
cg22454769	0.121592602489317	0.5208156052069566
cg02715602	0.0013301422495466	0.7942769562051817
cg26027669	0.0033272045645261	0.146655470992243
cg27649348	-0.0114416833676276	0.4012334859150453
cg08151705	0.0057387176055846	0.2335451281816123
cg15504461	0.0230480905446406	0.2112105343018375
cg06062378	0.0016561874410827	0.3275161111159533
cg21179618	0.0484776682450603	0.3203221886427978
cg02903680	-0.020158653904687	0.5477606133266142
cg04955914	-0.0048921536062632	0.4748836690051744
cg01177100	0.0329485882711318	0.3405078289790468
cg20797216	-0.0006299423853006	0.5248664180019509
cg09018739	0.0064644812799014	0.4418492499570132
cg25349939	0.0046753502625726	0.6191964797223615
cg05926722	0.0197786652330443	0.2893370193135571
cg19532939	0.0002831230845603	0.6967401024638769
cg17782713	-0.0214307256707559	0.7893037044930311
cg24853724	0.0095739970960949	0.153098583432843
cg12592359	0.0311313897122819	0.3987944755003334
cg02978139	0.0242250092335103	0.6053536967952539
cg04546097	0.0001906556204317	0.6479598037643817
cg18123677	0.0131116743544375	0.4719083342485197
cg20674658	0.0369431977049465	0.3152927629248048
cg11885433	0.0360062936932659	0.4539816437757893
cg27209578	0.0883298804744262	0.1432818733154077
cg05095591	0.0025444631281582	0.0943953209899324
cg13435326	0.028233422581026	0.6327024961392996
cg10538146	0.0284216769271618	0.3613727384119461
cg05296818	0.0135220735630915	0.2013728768566045
cg24172324	0.0281663201294211	0.2970811783921668
cg19533955	0.0244538772352593	0.4419317689223062
cg08022543	0.021192751175468	0.3177056556309859
cg04646282	0.0957630171545598	0.1917768655324299
cg16764274	0.0478994002171092	0.1485042552448583
cg25462189	0.0153515699080831	0.6421708077640719
cg05661982	0.0380449529871494	0.7372239371168534
cg08615650	0.0727292851361557	0.4886630776100084
cg06092729	-0.125137069810039	0.1197718929064467
cg24781737	0.0019607728205098	0.5356919466014729
cg10691109	0.0011118376679567	0.5941275056483573
cg07536102	0.0516987666663787	0.2984698491671317
cg09100343	0.0665998254586357	0.456619634060784
cg22220502	0.002243935957799	0.6669978399330143
cg11269599	0.0029282987825702	0.2180595853807901
cg11661281	0.0455972118182735	0.458696033088184
cg17496921	0.0038099329055807	0.2754947277140351
cg21760990	0.0129938890467855	0.58383637851577
cg27139419	0.0051796530799259	0.278720966986181
cg06440946	0.0008117798881608	0.0989989367861524
cg04408858	0.0136556184799291	0.609454474074528
cg01067137	0.0123580797048438	0.5647544730149924
cg07519471	0.0192745963450445	0.3688294800104809
cg05156137	-0.0289778081870598	0.2475213245568056
cg27412975	0.0011452239615078	0.6327801327324347
cg26196496	0.0147779619600814	0.6859295135544308
cg07110801	0.0157000503399825	0.1862287396035527
cg24807889	0.019710658099745	0.3918049440416877
cg25709146	0.0383211907963687	0.6944015299935454
cg04610187	0.0164794759030051	0.3934770735734617
cg09593454	0.0024791604932345	0.7824154546064074
cg10681065	0.0191186384109274	0.3186107641240325
cg25427880	0.0642381280452213	0.1946714136436363
cg27422507	0.0107819799114405	0.31730278866402
cg20733077	0.005249196283368	0.6306455915859612
cg24427724	0.035174495624307	0.4214823688955367
cg20344388	0.0117221391969159	0.7885197870744061
cg06329491	0.0157508360756884	0.2077353254317922
cg17069533	0.0095196631457438	0.7218717644958792
cg20761853	6.14221904168851e-05	0.6052672270114489
cg18811819	0.0105803721074169	0.6643166171221766
cg18369325	0.0536596780455169	0.676549664850616
cg08985885	0.0218504901587633	0.1650834565337247
cg13274149	0.0614733713802706	0.3696313489073037
cg14523574	0.0374449806604091	0.245402089013204
cg14999189	0.0765420703228805	0.4247374482397866
cg20923885	0.0096762041281431	0.4958912625529681
cg01695994	0.0861328367296551	0.5763435098884969
cg06001419	0.0006968146414857	0.4831669178013765
cg20948740	0.017799405780086	0.3255160546518735
cg23482898	0.0220237000292655	0.5417514656442897
cg03032497	0.0636195485829106	0.1837149887909072
cg03523785	0.0545014087326874	0.1404396209566523
cg00575672	0.0179940560010053	0.7041267942758342
cg04027328	0.0434261846343346	0.1966801870792422
cg03266686	0.0457964874321281	0.2278320241965933
cg16021896	0.0150344253715035	0.2702138998987432
cg20305024	0.0391158058797541	0.1242223668776585
cg13645954	0.0126750847199407	0.5237280876210723
cg10658666	0.0623708236359046	0.157105869265169
cg05546763	0.0504770470412082	0.6826991130070348
cg20898283	0.0494090691764894	0.631088045963605
cg05578595	0.0053163689736983	0.3908399968659931
cg15457899	0.0107097456040714	0.1405705826993308
cg14900031	0.0279704658811886	0.5013007785041074
cg14102437	0.0653692640156206	0.2664345727110548
cg12939283	-0.0389043666444307	0.1479528434730716
cg20319926	0.0196798487641679	0.237289879683373
cg01772439	0.0099705450210021	0.4825870193113301
cg02451670	0.0116987418986876	0.5802629710900647
cg18854666	0.0059082000735657	0.452777950079736
cg23594345	0.018201662106722	0.3788674873040999
cg26350754	-0.0146986465397043	0.1734707202478632
cg13824500	0.0043890606595651	0.5750462385020397
cg21713473	-0.0395533858294219	0.0924476993545037
cg03084103	0.0015811524583999	0.1733447738165321
cg10317164	0.0031651950704902	0.268584427105151
cg22358580	0.0886245599960194	0.2244765533605412
cg08521967	0.0037537625714951	0.4717922422930152
cg06574422	0.0434519604630076	0.4766887294262895
cg09178261	0.0414786943932213	0.2938242865283784
cg08688043	0.0225206372147619	0.6580642826276774
cg05339037	0.0357855240397162	0.3731836241639647
cg23004527	0.0709978795061932	0.5122814611886507
cg15415507	0.0160309585168154	0.0931956455885656
cg09763439	0.0024670084542784	0.7788955354895194
cg23303074	-0.0513411804951025	0.1090315250764504
cg21780428	0.0065820514693705	0.6950819010915227
cg11649376	-0.136992594564706	0.4561735416977202
cg06620993	-0.0059731147965053	0.4283309219671523
cg05318503	0.0086244408271537	0.7365502264539071
cg23008153	0.0418219843085895	0.333478407854599
cg13289579	0.0263523087528751	0.6839582885737705
cg06976485	0.0231372342222727	0.2565007737371363
cg24731111	-0.110822053833294	0.0662122310380048
cg02810967	0.0086866899545859	0.38431250579215
cg10874314	0.0076784970187403	0.4141883986234722
cg26567688	0.0088160997111728	0.4286238098227075
cg05251190	0.0160413989439303	0.3748290334604397
cg08005460	0.0044221341045144	0.4044800390045298
cg21657577	0.0288646656147692	0.2390789904466619
cg01276475	0.0202765037984813	0.1277459466322084
cg07452306	0.0218779005102541	0.3109901795167399
cg16737749	-0.0029252565577581	0.5074023552433828
cg07342322	0.0076745223539446	0.2815487098089704
cg11271171	0.0082592718799517	0.637862427181852
cg19756313	0.0040500316897835	0.7565482427320211
cg11911122	0.0100852053977235	0.1235598244071861
cg01426818	0.066131440190051	0.2677532003742833
cg24890964	0.0418358884966439	0.3675467909120689
cg19982668	0.0131043253389191	0.2715365893451978
cg01894508	0.0153609786531282	0.5011135752236566
cg01163369	0.0106145197577016	0.6821929028951621
cg12948621	0.0107036887322951	0.1977990395153827
cg01890712	0.011540333044862	0.5753777159978507
cg09099868	0.0336713967663859	0.320322718300273
cg20185454	0.0076618638586835	0.1139736850252984
cg04036920	0.0163510318330472	0.4069424286397505
cg06474661	-0.0096798708353041	0.6093289264345509
cg05339633	0.0242383362037901	0.4482461204406009
cg20992114	0.0105543573998055	0.2045616592639527
cg17795695	0.0056946028637025	0.3849087176361017
cg03359095	0.0052103327701931	0.4795598807272525
cg27660720	0.0158528005852381	0.7123481723093753
cg00088797	0.0106296590748497	0.5952577600124992
cg08220120	0.0122792262542139	0.4403145804159143
cg08129331	0.0327579985842591	0.2273070826062232
cg23510764	-0.0499898243808762	0.4747840196632977
cg01729837	0.0032862087377314	0.4057510929067674
cg00878605	0.0181329572977521	0.0793677540451726
cg22222644	0.0301547382381173	0.6420902507128896
cg25843346	-0.0004513425223019	0.2585750504825212
cg04980928	2.23892012415203e-05	0.1716663815652635
cg02114954	-0.0043157593662561	0.4476232934646386
cg05369942	-0.0094975745166343	0.1424245999883537
cg15953461	-0.0066064298123141	0.6221417100189897
cg12027254	0.0059649653849369	0.5405472971927184
cg22075146	0.0005914754044937	0.4029726828054327
cg12453631	0.000890745739903	0.2193679466277343
cg27137983	0.0301561209635435	0.130130294788251
cg04794690	0.0159097068437906	0.1672372699138078
cg05425754	0.0477573888896132	0.1037813619352213
cg23184070	0.0042184540982209	0.350897847879656
cg00866476	-0.0374646510797631	0.2022767792546495
cg08904363	0.0336316249480788	0.1019253858041619
cg24024660	0.0081535508965017	0.5494188997092568
cg26902279	-0.0115977659003346	0.6939213911994673
cg09063663	-0.0466631618572388	0.3705254679553765
cg05766064	0.0019295070373619	0.1756146244111151
cg13511324	0.0158426481208463	0.4257077434457977
cg14387452	0.0042156428894662	0.5626412551767579
cg00168942	-0.026535537405767	0.5008803623498489
cg02031326	-0.0069233845737537	0.6724071371655292
cg07135732	0.0241304093603526	0.098117948504398
cg03619256	0.0290272337231631	0.5354496670627055
cg03646329	0.0128844531017902	0.6331254262332859
cg09580336	0.0141508078552366	0.2814370584399966
cg17101703	-0.030381954983139	0.3701840149379511
cg23149687	-0.0230940544198736	0.1686775135639426
cg01797043	-0.0073688774486399	0.3903466030608648
cg12757011	0.018511486631881	0.2387123373087405
cg05463027	-0.0522253211553736	0.1301120652363845
cg09352789	-0.0121845510122693	0.2436416583492929
cg12178465	-0.006469322454689	0.6505888786098732
cg03566174	-0.0008874017289472	0.2625714140453317
cg25453381	0.0188988120010598	0.1740553621442
cg15765380	8.57273905587277e-05	0.2770018165949358
cg09636661	-0.0350397791658396	0.4358303752569283
cg12096762	-0.0500011391000561	0.1221322779586894
cg01689404	-8.4574277403655e-05	0.3700533777693482
cg23202985	-0.0012868329045246	0.4078910751731395
cg12141659	0.0121327037913288	0.2052083655362434
cg16509239	-0.0030337926934677	0.3490369136427327
cg05175318	0.0153071630185092	0.2650587974895486
cg05762671	-0.0488545652739129	0.6169523351398615
cg05295023	-0.0264857655581546	0.6772628541798572
cg23680451	0.0051706837625843	0.2004913906834278
cg24151087	0.0798795608707048	0.1056367688066999
cg13648715	0.0003192812404901	0.5404857118663778
cg17243289	3.70706218696186e-05	0.1423830865315916
cg24461772	-5.78859905989276e-05	0.0732290651587374
cg08767044	-0.0005371904648112	0.0576458631848682
cg00350448	0.0229655601490512	0.1848872736275965
cg25818109	-0.005271439855636	0.4502140753531458
cg25404758	-0.0013782954484258	0.6906670843828415
cg23458168	0.019327977966384	0.4040602709027162
cg17100218	0.0087563722064439	0.0595785860032233
cg06964816	-0.0285092819030942	0.1985938670917768
cg26543112	-0.0809881265742939	0.1848981389168082
cg04833853	0.122365772725652	0.8716474136914669
cg00827893	0.0075938244956958	0.6929196603042587
cg26610808	0.0012634602786161	0.1299409871818776
cg18310639	-0.043339704966283	0.3865727503084298
cg07613364	0.0189540969074937	0.0806286835394001
cg16924102	-0.0033822993242104	0.6946462120817596
cg15804973	-0.0041090757383126	0.2868087850822222
cg21222743	-0.0299579923596627	0.0876245881842698
cg02383785	0.001935535755086	0.1208003537618926
cg21631918	-0.0074336217350409	0.5084971091798569
cg18462381	-0.014488235328531	0.7970831979263303
cg23761815	-0.00344059641094	0.6473542285850727
cg02544002	-0.0018680605909222	0.7157176449123029
cg05236677	0.0138461443694484	0.0962622149433035
cg09069499	0.0066710909513088	0.4563984842358943
cg16449012	0.0030109766030096	0.5885171693876883
cg10874644	-0.0369047455105552	0.5767509125644671
cg20868898	0.0849246079104059	0.0911968887527954
cg21350115	0.0334968397138519	0.1227443539210487
cg23384708	-0.0136306549927911	0.5364809994828635
cg15829826	-0.150001331094696	0.0639006639299232
cg09882118	0.0073352802965512	0.1368844642763371
cg03916421	0.016529425728567	0.520037589607891
cg25963412	0.0122178257300208	0.6429794187468915
cg05972185	-0.0026594985949996	0.6359897445218442
cg24883498	-0.0244707882947124	0.1981176526035385
cg12077754	-0.0090660165629384	0.7444732485175439
cg25325512	-0.0385131134807092	0.3449986327460157
cg14271729	-0.0075029727441164	0.2819155489703198
cg02047661	-0.006824817010708	0.5207078187439186
cg05780139	-0.0039738442464775	0.3583267633403184
cg09840968	0.0201246982196939	0.0692193559462379
cg18633600	0.0165051518059351	0.1873566326293617
cg13988440	-0.0259031656790974	0.6213127409446931
cg23090529	0.0014826569810167	0.2978642877121463
cg14632729	-0.0652350825878405	0.1560119493125347
cg17254383	0.0015021177987293	0.6563085060664158
cg00251125	-0.0102202653793235	0.3763800894914107
cg04197548	-0.0002719579710002	0.2687665983614455
cg02415029	-0.0355344797522888	0.1489836744411535
cg14670435	0.0835959263155981	0.076765185929256
cg23450972	-0.0221346652550052	0.7266244633769587
cg27034466	-0.0113836195068194	0.504166040945326
cg02739280	-0.0047162714455058	0.7892127697283865
cg02868468	-0.0256719384685032	0.6509216905384406
cg07683636	-0.0011338063397879	0.5455778277924695
cg03579624	0.007536394888244	0.3614648996119449
cg26468696	0.0089127388525164	0.460064815047958
cg18253757	0.0358638141428234	0.7419033277598915
cg12614687	0.014241540214784	0.0652120598125583
cg15975427	0.0102344126614005	0.5437065126388764
cg06805925	0.0070421155244776	0.5448692426232724
cg12671744	-0.002935065061901	0.4481350105438149
cg09697696	-0.0144367844149414	0.2019613972244721
cg19077806	0.0122099586896167	0.4076754137550319
cg05324516	-0.0412002887289725	0.6359481825439401
cg10371155	-0.0005655520233446	0.4797860017965944
cg06458707	-0.0148692125711685	0.6737726981613205
cg01364769	-0.016435702710928	0.7349390675822086
cg18785742	-0.0046414303917096	0.7161752076658258
cg21711214	-0.0005969554453173	0.4573558838506673
ch.2.30415474F	-0.0694052522157091	0.0737455873742932
cg26130053	-0.0040470407986859	0.6008674624265007
cg00688941	-0.0001689894108768	0.6784642732028708
cg20052760	-0.0229651617509727	0.2108838473101952
cg05541267	-0.0060561502566949	0.6381453859131255
cg25491122	-0.0070734215997651	0.705367015803204
cg09305680	-0.0031730933153468	0.3310663001892254
cg08761208	-0.0084514186555253	0.1698107340986067
cg05851395	-0.0027141517101963	0.6849229082108489
cg25730428	0.0549534700283384	0.2488027634923178
cg19150852	0.0223603102092235	0.0667246931493902
cg07172885	0.0034800890208939	0.2514466677382909
cg04517079	-0.0379114896220012	0.5425831738844212
cg01644850	0.0611941067284177	0.0454715166791913
cg22967717	0.0172286649627057	0.3281670453006356
cg16987606	-0.0248284025427017	0.2218789309539913
cg10424974	-0.0298886815086514	0.4736295320430471
cg09154591	-0.0108510832835618	0.424152525924984
cg12276019	0.003938692932553	0.2048744186721229
cg21650243	0.0027445575426681	0.7090707197842973
cg25240254	-0.0003647882916357	0.5903590716928996
cg07057831	-0.0353601505850146	0.3437225982185262
cg00569896	-0.0121947554572496	0.5127869710068494
cg27064708	0.0116214490190786	0.4033596418472229
cg22159171	0.0022728087875884	0.0692391344348081
cg02639095	-0.0743472933731787	0.1830066833507907
cg01020263	-0.0693064173772842	0.1221170024614755
cg22704788	-0.0028702719660613	0.7022010178052948
cg07318627	0.0022269106935231	0.5088185174083899
cg02098619	0.0434752822507948	0.1798772646479137
cg12424329	-0.001281630743925	0.1048215313320779
cg01431482	0.0335188254026603	0.4967297442873951
cg05371578	0.0119829833942479	0.1802296817235331
cg10592521	0.0177561472360284	0.3353569569476707
cg15094236	-0.0019751060114435	0.1640379871206616
cg08443038	-0.0022774563875317	0.1100231132022866
cg21213853	0.0430579494231406	0.5572163539239438
cg22809047	0.0348115369425605	0.5516378483837302
cg27422141	-0.0192988802897213	0.0936423814369226
cg15104126	0.0055355168020114	0.606048531855489
cg15703690	0.0150754832882341	0.1375148255616658
cg19281794	0.0018387057994023	0.1647671597378004
cg05613083	0.0121452775343116	0.5559260187151591
cg14956327	-0.0136100290987783	0.2605484709061075
cg13135455	-0.0427113412068809	0.5613016058243924
cg22166739	0.0067969521366719	0.1040833093683098
cg07629854	0.0371759885779652	0.0906852311366588
cg11748187	-0.001405568849591	0.4350445710907696
cg08200404	-0.0138584115242922	0.3245945893807578
cg13104274	0.0077374399557183	0.6411948855919706
cg14898223	-0.0045822924973728	0.3755549207996913
cg05841440	0.0214773886924761	0.0874271718111441
cg08125503	-0.0019507741735174	0.267662277528907
cg16411256	-0.0370127646888026	0.1011518784422211
cg05220114	0.0049420100067915	0.5363441267127139
cg24513684	-0.0015532786596413	0.2179071122958173
cg06570224	0.0326867761507384	0.2508530555697449
cg13966575	0.0089256398309949	0.7141922667971625
cg27053337	-0.0004691463259617	0.4764842252648693
cg02442436	0.0284899214526498	0.1369611849867045
cg07960944	0.0235260831227113	0.0570602381941503
cg00686880	0.0097629338503342	0.1893367756431335
cg19518666	-0.0206515376788961	0.4774679784993164
cg18906360	-0.0139143856685782	0.5414328870926137
cg10171489	0.0240054555138536	0.7344025192598912
cg18222865	-0.0142783335576457	0.4900669031058496
cg22027435	0.0088751464130078	0.4024983930814269
cg20153322	-0.0401774845892155	0.4315004680149396
cg07502389	0.0155969947420145	0.1389252743683125
cg19783291	0.0055311716101709	0.5542999665837538
cg01940943	0.0136145384912355	0.0711952037734128
cg20740903	-0.0370829153777127	0.3773196360216436
cg17473673	-0.0143972067440419	0.2767531020205188
cg25450819	0.0064443323327971	0.6686921082405396
cg07808761	-0.004289341749726	0.5509502048511067
cg14359680	-0.0664639461823187	0.1952339892052421
cg05738924	-0.0003334928868399	0.576932901966163
cg12688576	0.051475689833874	0.1547794559464209
cg05428701	0.0030672026835496	0.1790557931055423
cg24987259	-0.038248649229562	0.1831857204612591
cg06154311	0.0010034775005339	0.5867882055257514
cg10139476	-0.011839498261814	0.7797422579959323
cg11144555	0.0004383381434983	0.3303259861770621
cg15110296	-0.0239084178303017	0.3390184101700722
cg04717143	-0.0104796721314601	0.279974062223572
cg18680834	0.000274553889684	0.6293058924485792
cg23361092	0.0323066468588627	0.1245885562693982
cg15410835	0.0072021256108014	0.4323224251923902
cg27239754	-0.0137810261362106	0.7186899378903464
cg24955845	5.14947287863868e-05	0.1322927531722415
cg26589785	0.0221536327932242	0.1692382718415617
cg09285095	-0.0014441900381636	0.0925714891522413
cg13039251	0.0022259277892614	0.6004520810120478
cg25149218	0.0298171972904474	0.5306863841552949
cg18450254	-0.0811531503456884	0.2374804171001395
cg00662956	0.0031844800015439	0.3347596238991276
cg01620785	0.0114028034709028	0.2322770517578714
cg04094193	0.0256300511658044	0.6788263300259997
cg20004827	0.004106883634731	0.382776205641357
cg00971695	0.0201607019601511	0.3142482217780625
cg23556574	-0.013163886257331	0.6845092517737629
cg24568150	0.0027297356624848	0.2835519325818658
cg17696044	0.0203584052598568	0.1512226448152938
cg24476103	0.000424255342883	0.532146337913923
cg14202825	0.0216518695261525	0.0529069948900245
cg22920417	0.0050257447662116	0.2382669069241828
cg13273540	0.0070824959880078	0.1513628169807302
cg00263619	0.0006348323270584	0.6725305679935908
cg10397932	-0.0171042086307944	0.1116761484629361
cg27545615	0.0075285431683015	0.2762778192717505
cg27015931	-0.203026131277708	0.1122820318456475
cg12814335	0.0021943506288968	0.6418625298909377
cg01452189	-0.0154726413727817	0.6720102937696459
cg10813980	0.0077640879508203	0.1887267282691239
cg21361322	0.0543828833991134	0.7997968126370939
cg20658709	-0.0021580552103298	0.3407719083857997
cg14562086	0.0127744262000095	0.2722488645311298
cg11045303	0.0022238619130808	0.1386239169736211
cg16762684	-0.155597577393184	0.0660148747761861
cg15475272	-0.0066918639348193	0.6774897346729276
cg01963224	0.0041108045319068	0.1354087576565363
cg18509466	0.0386652859699884	0.2027875645089548
cg25618424	0.058687833303679	0.4803911198386083
cg18824549	0.018172992010757	0.5590030106976629
cg26058502	-0.0009517141661468	0.2939289012213342
cg19962990	0.0140333480481468	0.1359965591750988
cg14776578	-0.0144579307577849	0.319159338820976
cg13870990	0.038595734441518	0.2106888974684042
cg19824710	-0.0072333943501171	0.6010196625065307
cg17778556	0.0090581063909373	0.5098579502503005
cg17457912	-0.0944923548848946	0.3873598702285102
cg20322193	0.0146636528634802	0.2931249740105491
cg09990446	-0.0678583860461499	0.1433174635036577
cg06230839	0.0122735250977693	0.5171774350122252
cg18026631	-0.0127830889185239	0.1125915569617887
cg05700079	0.015930089056824	0.2254282249347381
cg24938956	0.0442534510908402	0.0572083942583958
cg16691087	-0.0115977547703126	0.5060487196685802
cg10386431	0.0063335816848594	0.511475318233976
cg25323444	-2.25990845188023e-05	0.6186745400638133
cg09235539	0.0202774369285227	0.1229752455571349
cg14616345	-0.011784671831323	0.4703883141126274
cg25533247	-0.0148338786191263	0.1650943626183058
cg13663218	-0.0322458131661677	0.1402869219185674
cg14243817	0.0047979513115108	0.4883047026960257
cg02796545	0.0167717750047116	0.1157177687661511
cg06819923	-0.0392291602243768	0.5061932141470585
cg17431952	0.0066341887237786	0.5899780782484758
cg22434594	0.0575603441605637	0.4135856399943752
cg13036702	0.0025719916220624	0.7630113417259338
cg22796704	-0.0865836067156957	0.491929371535873
cg05707655	0.0019262087947792	0.4255658772495602
cg14422240	-0.0032042821772989	0.5644043436130017
cg23006567	-0.0233258041113032	0.4732218199537653
cg13399203	-0.0079424661069132	0.2410268192504062
cg01429360	0.013658070880735	0.0799948216699322
cg03933990	-0.0144993595594321	0.1083958461306931
cg19663246	-0.0106502285752908	0.4655494323766796
cg06430220	0.0083617407914766	0.3549177442059675
cg14209784	-0.0373661299719248	0.6335896154082195
cg16861964	0.0078208403445536	0.1529604838007441
cg03960811	6.70315477991678e-05	0.4804516204562776
cg20228731	0.0046634431812948	0.4716175870067938
cg04581938	-0.115529109007172	0.0875746234121302
cg26332926	-0.0087967645662085	0.1709254226435249
cg15112910	-0.01835865114355	0.4625460026871236
cg16926102	-0.0143752842807883	0.3111701761531058
cg22793142	-0.0350949831576998	0.7200612675498644
cg14909179	-0.0003647725744591	0.6071003276074511
cg01919885	-0.008838997141169	0.3775255152720631
cg16619991	-0.0004433539246911	0.4270944234902471
cg02147126	-0.0075611308270582	0.3391757177435099
cg07940585	-0.0134837122265518	0.1758352334129346
cg17518710	0.004458089864328	0.187659036386326
cg00639635	-0.0027756489847991	0.4756353865486741
cg07787614	-0.0076076429680628	0.3730589978634584
cg06687489	0.0019262844719183	0.1884857567419607
cg08951051	0.0079358884743541	0.3859953962080751
cg21700772	-0.003085547033849	0.588590261357566
cg07254032	0.0214598665615855	0.2019871791115513
cg00501876	-0.0003619490296072	0.4913075041569704
cg25496417	-0.0250632003557593	0.6269808505574975
cg01542719	-0.0206629732851754	0.6747383730571825
cg14962049	-0.0198411994843853	0.4688854744349899
cg23142799	-0.0076522668367824	0.2136955623958524
cg19343530	0.0010985242983748	0.0742252915200123
cg07435237	0.0198653340898101	0.0599929052326297
cg04427651	-0.0016385161947468	0.3502001177814762
cg01606885	-0.0025069392021715	0.6937593117283487
cg00858599	-0.0564534410147342	0.1132469115083063
cg18342964	-0.0006149195269316	0.5707766404484883
cg13460409	0.005886852687909	0.2488695398345405
cg22950598	-0.028938771100788	0.5680368029279032
cg15723784	-0.0101786642629272	0.5148473070251295
cg02606403	0.0058163199247312	0.1175553579095747
cg23201812	-0.128820652785992	0.1280048912627684
cg09858508	-0.0079131713715218	0.6452073631323415
cg01960979	-0.0256262004822298	0.7531130714363556
cg22801913	-0.0028582207478444	0.1118066832088389
cg02744945	-0.0010239642900515	0.519819701988424
cg04500896	0.0540499223344816	0.4688321392999185
cg24099956	-0.0433139007987005	0.495176130606115
cg03162994	-0.0037282207833725	0.5682938558100423
cg10159215	-0.0089959106779178	0.0648273771845886
cg00232500	0.0240105697705877	0.665228389957467
cg08088161	0.0003911258801269	0.2171961785392912
cg12068124	-0.0149270191670666	0.1334265132698789
cg01799015	-0.0133740280484894	0.4725470779797804
cg05814654	-0.0221876193679071	0.0735126743216378
cg07629125	0.0143592630637734	0.5739191152962791
cg08334899	-0.000645964897641	0.1342771999074501
cg24601559	-0.0025209970971614	0.5375305097702033
cg24707889	0.0118990301159656	0.4490837765337656
cg02977443	0.026090412458557	0.6846008796128814
cg24553775	0.00067725657164	0.5713902677639536
cg27589809	-0.0115674603258931	0.6076566889804735
cg22197050	0.0149871709718043	0.1479977957956708
cg17206772	-0.0034128336068269	0.4381196057144033
cg25642315	0.0135442495296933	0.5781338492918122
cg15233611	-0.0052467006736099	0.3863561597577017
cg14071869	0.0168707250926749	0.2491807393622516
cg05575054	-0.0098394973840681	0.0931492684107495
cg15551881	0.0075438029775487	0.2258994044655996
cg20652404	-0.0014103718377863	0.3532451263625089
cg08324925	0.0055122653279811	0.5866068191310452
cg22965561	0.0192641635315384	0.3213576878968452
cg23913963	0.0008598118567688	0.6280516487633585
cg10835286	-0.0096937137910191	0.3095158680208498
cg13016775	-0.001387639525965	0.2552298817472153
cg07757535	-0.0049734696676186	0.2873590230430593
cg09082287	0.0488693580936172	0.1415264553500046
cg00463859	-0.0292346974708046	0.620775257919367
ch.6.33611621F	-0.119748578126675	0.0523217164748848
cg13029847	0.0358769365645482	0.0711889414269068
cg14780255	0.0105985046996691	0.2552983698560331
cg18468796	-0.0014999754046135	0.4490611556494319
cg03470094	0.003626865604397	0.0948042594253021
cg13736497	0.0134304748194791	0.0983972315097861
cg03773862	0.006622645003357	0.733148448364642
cg04180046	0.009621260052803	0.4642907757771466
cg07478501	0.0341707582160321	0.7560518442230919
cg08783616	0.0232394876039965	0.3510463418561541
cg19396666	0.0036719225428721	0.4881779900573164
cg14702960	0.0274562319138681	0.663178160923362
cg08335125	-0.0089368794412952	0.7160079149577243
cg18783781	-0.0015940894384601	0.7182144000790296
cg00748589	0.0110752707198175	0.1984722059185582
cg03716936	0.0033735480580779	0.1282196481236009
cg02088673	-0.0164076977608782	0.5215553718829415
cg15963036	-0.0056351683540182	0.4104562620647813
cg10257332	-0.0329268787234992	0.5118128310818246
cg00144186	0.0267790904093748	0.0973437634592861
cg00973876	0.0270408871891152	0.3705385502817697
cg26139559	0.000488303110335	0.1931659802412193
cg24020215	0.0018985264623248	0.1389772895038368
cg10636297	0.0023587269038678	0.4622146356019092
cg19268695	0.000224686715624	0.4296448931744341
cg12732998	0.0064125380316866	0.0968328289507206
cg03171478	-0.0058957120920692	0.2625739679633618
cg10525394	0.0030566561644371	0.6126548587761576
cg11653233	0.0248852256690011	0.302385760073115
cg13224583	0.0645585035365229	0.5563549001031021
cg08415592	-0.0301074748887697	0.1868443481852241
cg19021076	-0.0044844917136897	0.177510208355716
cg08006309	0.0177450360257204	0.5423487306532928
cg05264870	-0.0028697785117622	0.3723223165158299
cg25386151	-0.0473346832155291	0.1092551034255669
cg10549973	-0.0216945853021559	0.0919783510700207
cg24644551	0.0091872044709309	0.0906614501676798
cg06933384	0.0114220264255674	0.1430998514589523
cg16764848	0.0200847333710307	0.5886561474421627
cg16054275	-0.022046494564697	0.3411659089723525
cg02348437	-0.0005138710371907	0.3696647955546255
cg01899253	0.0007503475042046	0.1851823061850495
cg03725309	-0.0747148378341871	0.148334796695712
cg06405563	-0.0155098178579734	0.3959837262644199
cg03254146	0.0062629664347515	0.6102518559960334
cg22713958	0.0083114305631748	0.6535490727216747
cg09298818	0.0273996549531741	0.2879704467219097
cg09642020	-0.0126096955521575	0.3894919921185438
cg04790755	-0.0066970585780409	0.6725862859853828
cg12833018	0.0012098761632442	0.3516327950284298
cg01368217	0.0028843514124067	0.5257697049455322
cg16540789	-0.0225068137893339	0.4534665623285545
cg19147415	0.0186781695759291	0.1065484782096207
cg00990385	-0.0191611579698951	0.547329145325863
cg05082527	-0.0059961338411301	0.7246325512064417
cg06640584	-0.0240100870198249	0.0837921131084007
cg03473532	-0.0817635459391221	0.6634452515664448
cg17501982	-0.0051567066766812	0.6542998547051437
cg19408882	0.0063614073412389	0.4251526686923575
cg07062476	0.0090035204447419	0.1035685873954922
cg20652899	0.0001994166855787	0.5561115769809001
cg11769332	-0.0048666431171031	0.0954277702919504
cg19589396	0.0241190586152293	0.6047166983928999
cg06068163	-0.0031889458830036	0.772700532500762
cg12238343	0.0020613580876236	0.0874783768676801
cg04640250	-0.0230316484451756	0.0881051066487258
cg24682723	0.0042689302935785	0.4395137880433377
cg14782678	-0.0077556732844126	0.4517798191328387
cg01233571	-0.000841323090711	0.7074731111808966
cg27038676	-0.0090543849089133	0.4912299660887726
cg27166177	-0.025942489126655	0.4977769988845957
cg02722637	0.0013738984756061	0.4756028358582465
cg13235787	-0.0128588813072366	0.3931390896896685
cg19916364	0.0120199346680347	0.2067908007090614
cg10671830	-0.0128420536538822	0.1893833196000801
cg07125256	-0.0253382472968125	0.7422631776580374
cg26147480	-0.0074434467177941	0.753195621015772
cg25410668	0.0657192445732361	0.4353993434221722
cg00404400	-0.0113571898285712	0.1164867575997722
cg15610437	-0.0026851799601863	0.379992412220452
cg03994651	0.02595045109197	0.5957095519949839
cg20099806	0.013273535157098	0.3717416234161038
cg02727079	0.0077075527685132	0.5711458651667509
cg01751992	-0.0005468922109749	0.4322851461505075
cg15174248	-0.0182159969324258	0.3887904056517012
cg08197797	-0.0360508551788634	0.0961651961681759
cg02031638	0.0090870588772382	0.2759418802903698
cg00486113	-0.0082569357502816	0.3080640002251479
cg16851425	-0.0378662990517904	0.0949380439676446
cg14790600	0.0059005496813601	0.4585234163667446
cg13187936	0.0279063089129564	0.1056175988763406
cg26805749	0.020014757113703	0.1201657402261556
cg12686055	0.0375463785594291	0.6816019175202592
cg06553792	-0.005127857633983	0.6729248242795526
cg07571928	0.0077559493355919	0.3950217585313096
cg08038054	-0.0712099242334431	0.3480856415580781
cg21184711	0.0739740347392557	0.4568900312926394
cg06346335	0.0101353303391132	0.2876763696099122
cg24871743	0.0438136496331962	0.6396548551850232
cg09469355	-0.0166533082300539	0.3828788923312515
cg21756476	0.0179079414972219	0.4360022708292329
cg18352882	0.0040924317619341	0.3670539901743596
cg26585644	-0.0071286332846561	0.3699564728941709
cg02533423	0.0050601590251744	0.1402860181232152
cg26133399	-0.0221148487177041	0.1166976440451623
cg08122652	0.0244464389260581	0.6757916805564422
cg09292354	-0.0018619494289041	0.6815398040135532
cg01635555	-0.0271674606696764	0.7417780574577835
cg04341343	-0.0002223605896138	0.2180186028602297
cg19308132	0.0106907561673802	0.1347542321741048
cg02302670	0.005915584846343	0.6638753478442377
cg08832695	-0.0033555635394892	0.5416815624275259
cg14188401	-0.0081805458730231	0.5725051422909673
cg04845871	-0.106774840219868	0.248501211170119
cg21241823	0.0261715650017039	0.1747908812731493
cg07082267	-0.122286568497983	0.35073701578845
cg05850338	-0.0073031173257082	0.4503373143502817
cg18358723	0.0094881633100417	0.1694131865615432
cg25744552	0.050801136262177	0.3284536287446953
cg04907244	0.0118142510046287	0.1441596378570333
cg05207048	-0.0756025389644647	0.1212475983177985
cg01789150	0.0062499034287686	0.0828977262419363
cg16146033	-0.0590229122760257	0.0907770558221976
cg09014329	-0.0012605751859265	0.3270231246025727
cg04892766	-0.0122275058062327	0.6800735648022265
cg04420275	-0.0130569795644475	0.762686228719172
cg01528542	-0.0126019098239698	0.5160969280236531
cg04291430	-0.0055751845983887	0.1480316977788591
cg11124652	0.0072365364706959	0.560835350943295
cg21393124	0.0138627577646128	0.56736189944787
cg22516376	0.01605384447693	0.7754411164235072
cg05211868	-0.0007099127116914	0.3096132735851175
cg07303143	0.0098284290376315	0.0667920797220966
cg00793186	0.0025683764908054	0.2295778011433284
cg06648759	0.0791654336623164	0.4448851933370465
cg20665157	0.0148527555963449	0.4525292951208193
cg14849578	-0.0142789525779431	0.5497912326751543
cg25693132	-0.0186492122616514	0.3879978328674522
cg25463963	-0.000351204524316	0.6171658418387285
cg06031268	-0.0075174355272661	0.5999080584058937
cg01622416	0.0126708178462844	0.5376728672419734
cg05483184	-0.0463361989764766	0.0763568290980631
cg26467528	-0.0113323083602697	0.5016522571740782
cg05669497	0.0018439119276376	0.2036031630298495
cg05569328	0.0123570665259179	0.1777912278722695
cg10179300	0.0036309680018135	0.7595062590884368
cg24350475	-0.0073176705393316	0.4473390991784537
cg05395210	-0.0270882013305845	0.2141492527969041
cg06930757	-0.0425506874341007	0.3007629605945214
cg05308819	-0.064987828853116	0.45905336127088
cg23484392	0.069912429666046	0.4643770600710963
cg26343883	-0.0139657220951675	0.2439412954956848
cg26483332	-0.0305900036127858	0.1421161495929456
cg01763090	-0.0208178694469645	0.129374191755325
cg17440248	-0.0249903879564534	0.6577074906445932
cg24730705	0.0279558425423163	0.547421579406881
cg04060571	0.0002166654261556	0.2908961367950604
cg11029191	-0.0111530835488521	0.4905633703883088
cg02478731	0.0156741762772375	0.3758026023912906
cg10778288	0.051677676764294	0.0828980125906519
cg06571407	-0.0225186822173403	0.0988311217335882
cg17736772	-0.0025637413086531	0.517990294723236
cg01820962	0.0164855005235481	0.6739045326119539
cg17892917	0.0226208675775277	0.6081318914207617
cg02513379	0.0022057453013221	0.236481820783903
cg20930114	-0.0107749808404604	0.139613505232081
cg22438810	0.0120993375602666	0.3762329267249606
cg04567445	0.0258413725552408	0.1695553751559239
cg27130665	-0.0031175449461246	0.5065514007285201
cg10136560	0.0099948890901551	0.5212122328112498
cg26690592	0.0088060257111047	0.1310004446580864
cg07367302	0.0239195194213261	0.3954053939062597
cg15920975	0.014155429152989	0.2392518442211705
cg24750308	-0.0053420825534366	0.4621326411075003
cg04273431	-0.0028371928047475	0.533262195432482
cg27212232	0.0003977164916313	0.289670935462323
cg13541527	0.0172584575067219	0.3437390471891575
cg17002328	0.0032802711515942	0.7035345017402099
cg10163955	-0.0153741589792435	0.5835928508591719
cg09310092	-0.249132530325457	0.2845858420130358
cg24251135	0.017374820843201	0.3219603925549273
cg00753885	-0.0653463727676708	0.6198191398846054
cg25207224	-0.016110309898573	0.457479307687988
ch.20.1295406F	-0.131599602624053	0.0498926004706489
cg16395997	-0.0077610689560025	0.5484176636438275
cg22796593	-0.0112054639307536	0.2519198795791953
cg06083669	0.0124075759454512	0.253326661122921
cg24481841	-0.0046365874865166	0.5650795813714264
cg08099136	0.0226453060729358	0.2825713721732892
cg12462816	-0.0195603145936255	0.1430552900646477
cg15393490	-0.108957214332612	0.6452782666040221
cg21865845	-0.0226815105344885	0.2827548712715896
cg04604946	-0.0416630185318149	0.2825360795298202
cg09152089	0.0007148370593108	0.6998693464040061
cg10052840	-0.0846007914275785	0.4639018648453401
cg21563471	-0.011686926597365	0.3714665843943002
cg06711254	0.0015906333595405	0.6688952441268414
cg22130008	-0.0092646162053017	0.3329638154826999
cg00024494	-0.0620767868338109	0.106921856139346
cg11452501	-0.0232378050560549	0.5301835414350601
cg04069539	-0.001335939390724	0.5116406225195318
cg05813703	0.005171682064883	0.163905995072597
cg19381811	-0.0633377986457491	0.1943823529451986
cg23855986	-0.0171577774010715	0.8149480377216209
cg06822193	-0.0005053966212168	0.5861211057501476
cg20818778	0.0071201405525648	0.1622577985966323
cg11127915	-0.033584183722068	0.2044929352914631
cg05725804	0.0121002176913469	0.0653959920710248
cg02351804	-0.0077799245693457	0.7275848278638055
cg22348673	-0.0636828081119127	0.0873591844929467
cg15299997	-0.0260802970106144	0.6437426660995956
cg04439241	-0.0012075004103932	0.0821985437780776
cg02426324	0.0146971171865762	0.6259350223742
cg24708861	0.0154567746600955	0.2119954578964921
cg12776156	-0.122748743329339	0.2135095424786758
cg06005318	-0.0325359764196013	0.2210752860659062
cg17706411	-0.0129133795162401	0.2765835313757065
cg19713429	-0.0129671128230542	0.1927821943384312
cg02792538	-0.058786851695163	0.1152878500791252
cg23124451	-0.013894600013935	0.3919044799281957
cg10533990	-0.0064816297503323	0.2830278659749559
cg01396774	0.0261391783096133	0.1635234046037169
cg22489878	-0.0219764661602993	0.1782735563674309
cg16477091	-0.0438190104438635	0.135013629462971
cg09722609	0.025998319902062	0.4548584216189905
cg04709900	-0.037966493586802	0.1023205476461972
cg04792813	-0.0481530426360965	0.1635796767152562
cg02583484	-0.054229852922926	0.2585862906699823
cg21938436	-0.023285305579118	0.1469489079253325
cg09595479	-0.0097383974575406	0.0968836592767146
cg02743713	0.0084400706401409	0.1414573629231094
cg24563804	-0.0056752651953253	0.1650832303552609
cg23363754	-0.0074766448609321	0.2184371218200855
cg07850154	-0.152230687260707	0.3052195965787451
cg08468401	-0.0064127335779365	0.2362895257285597
cg05216056	-0.0096984518292436	0.4564773023417335
cg23523668	0.0285849344615824	0.15558406833086
cg15818008	0.001570953653256	0.319323131879156
cg07313679	0.0245089608154565	0.0464170118111275
cg25047618	-0.0050899796846107	0.3992861866025265
cg08214927	-0.0069788303259004	0.6694477867407587
cg12061886	0.013066535243387	0.4494056215754807
cg10278102	0.0097176771813874	0.3212812387528876
cg07992500	0.0025650963926455	0.490309743588677
cg22076941	-0.0035304598216195	0.4710109043628215
cg26763486	-0.0144750408335269	0.5439812818742147
cg17183174	-0.0246970392060914	0.4921892411077049
cg07048044	0.0364144889837933	0.2021201665901684
cg07747616	-0.0232251561667602	0.4958016881328632
cg10376286	0.003543629791821	0.2585534093462847
cg02491878	0.0090916284099114	0.334135269581962
cg20388256	-8.68846574041868e-05	0.3400705883818128
cg12432236	-0.0107370607941809	0.1158714768881209
cg23600866	0.0083466200604071	0.138989885990235
cg06057569	-0.0274112898934903	0.347415112577489
cg25320169	0.0252300651736264	0.3966411845597375
cg09957942	-0.0029097472889203	0.3881666016809934
cg06318164	0.0151433232461377	0.1072238491914409
cg03167948	-0.0145191171500502	0.6648047620548262
cg07101980	-0.0547318125394648	0.6222786565029369
cg00343092	-0.0502679356094724	0.0641559103303915
cg11830800	-0.0029397868235961	0.4345879427539454
cg22039458	0.0130510845522254	0.0907658173699158
cg24150153	0.0377462137808819	0.143455452778632
cg02113429	0.0120277791734664	0.1307643380480506
cg21799270	0.0025928278893088	0.1318749285216857
cg11207515	-0.0049216439438334	0.3031315733190419
cg14069287	-0.0226952787390603	0.5402503329908322
cg25085755	0.0260734114766862	0.4648500771038948
cg00948664	0.0093663182323764	0.209607872710561
cg01657207	0.0075982859315934	0.178122943256572
cg04326337	-0.0052190733813082	0.6271710999900073
cg27278843	3.73438796857006e-05	0.4976427415496487
cg06712542	0.0075711937206042	0.6671843811279061
cg03227128	-0.0050106505307447	0.0822029674286857
cg00070052	0.0017716637147037	0.4306821579284668
cg01889025	0.0001980817110278	0.5531067258349404
cg19641804	-0.0052078417315639	0.5238771360063437
cg03047995	-0.0286712637709101	0.232336726723168
cg26789332	0.019387808999963	0.0551929470253869
cg09004241	0.0014476385732811	0.4951284768658818
cg22112832	-0.0036596708276804	0.321166093516848
cg18806997	0.0043455429949929	0.1370599362661014
cg13929658	-0.0289256071539646	0.6746256531780912
cg16193278	-0.0807494550793021	0.1462636726925884
cg00442814	0.024294758651375	0.0811042779504338
cg10094358	0.0004258733576164	0.3244118628574211
cg19751789	0.0312973610720944	0.0780852493891685
cg17861836	-0.009134516069385	0.2998644582251183
cg02041944	0.0340361077026546	0.08025900823363
cg19008597	1.73930415023098e-05	0.3343710736597159
cg14014799	0.0011144150582677	0.1470733228938351
cg16728846	-0.0269542804135817	0.5809130816543844
cg12986700	-0.0377897743765996	0.1688471537186887
cg16501028	0.0063415239061182	0.4186719527450813
cg20922701	0.0055175068257646	0.3860840911681988
cg08035323	0.00440855382972	0.2747065802256349
cg12286415	0.0149302343416481	0.1264577646168304
cg16313343	-0.0117989764125621	0.1257133220787041
cg23263226	0.0397421376757185	0.1859404061088876
cg01172150	0.0022974926991438	0.2010164660110511
cg18190310	0.0256916496676522	0.6298987525129683
cg12833118	0.0161021625392582	0.64465060733334
cg24711649	-0.0591276257417349	0.0793397853245937
cg09610644	0.0022373028906343	0.5732932206727849
cg22277154	-0.0956582763864863	0.3484121344943488
cg03520471	0.0006089424157973	0.4170154060121495
cg06667761	0.0206743330442793	0.1658655439456894
cg02328239	0.0176289449834538	0.1855733091146519
cg18917643	0.0161083215003328	0.6129090260709584
cg09748749	-0.0341464095916384	0.3531989051364331
cg16756527	0.0127155386438705	0.4024473286980257
cg19821872	-0.0060313983384689	0.7549033949280249
cg06866686	0.0180782273942311	0.1512375355506544
cg18335796	0.0086869162796415	0.4325447351623038
cg21983151	-0.0203784098645387	0.182085308660659
cg01294327	-0.0034865753801051	0.5048572735829421
cg04650238	0.014657163782701	0.6431222565906263
cg13612317	-0.0146976071235668	0.4458302963487353
cg08148802	0.0055044836014658	0.4121630151933298
cg17110586	0.0023289888285857	0.2345347053759459
cg14446942	0.0396231017585931	0.1737338375567253
cg21376004	0.0120752467550467	0.6724107235944239
cg10166889	0.0082599361031723	0.5825596116462575
cg02670686	0.0049437450430943	0.2033565051335837
cg27565650	0.0202908931238309	0.7333789201288744
cg02050426	0.0008838211132593	0.5931761983177142
cg07243147	0.0090730253437677	0.2675163073170288
cg08280341	0.0258908167924177	0.6425586142516488
cg19583819	0.063256425886498	0.1428279274903528
cg20146909	0.0112294698355993	0.5911238327998654
cg19722847	-0.0296720837099657	0.1362357791094254
cg19910679	0.019393260001464	0.3582913500574766
cg14330585	0.0004962939413616	0.4568385591799607
cg22485810	0.0187271301750377	0.1431638382874446
cg04376782	-0.0062961092240739	0.7401030820963806
cg21860825	0.0119589120627886	0.5764135850383078
cg27534520	0.0225746974279453	0.2563601056822957
cg16552271	-0.022308735259524	0.2921560541812468
cg05135521	-0.0294873508029465	0.4482445747721253
cg11084334	0.005822935271506	0.5052174425530479
cg14302224	0.0060602999477554	0.0850769022964042
cg08004014	0.0098267828545525	0.2616955776474325
cg11277126	-0.0228490279098406	0.3480404681045737
cg10030162	-0.0030581923422301	0.7579302525077889
cg19889780	-0.0284605458925132	0.2753096572128405
cg18214661	0.0040712653219136	0.2516801147951253
cg20747380	0.0014773787327152	0.251998762613324
cg09287629	0.0044838138534844	0.2637584688605031
cg14203218	0.021683249966165	0.4083735871397939
cg03471047	0.0173956104283192	0.1346661487367358
cg10665379	0.0186330549156647	0.1735783981749193
cg08297393	-0.0070834699333697	0.7569660160974881
cg09092525	0.0377115968956584	0.472570198977265
cg18933331	-0.0577245867697537	0.3813132378793038
cg00377358	0.0003147877346074	0.1459230804815585
cg20976787	0.0130339169245796	0.6666042483982018
cg01479232	-0.006714665357534	0.4939642187353458
cg05654765	0.0060152864206507	0.3169126675241286
cg11807280	-0.0219067765254294	0.3870871146520928
cg14870229	0.0017916169143873	0.1284064990562704
cg19497511	0.0072675992764847	0.427334130670085
cg04596060	-0.0871026148706673	0.0786045734423764
cg00537673	0.0400337352642241	0.6626408746448632
cg21623865	0.0515661745516568	0.1022344034403997
cg17016266	0.0151576640850204	0.4594374976547254
cg01279933	-0.0038775270261246	0.4389763421810076
cg17953385	-0.0280934544362872	0.1829024685880761
cg17729667	-0.0006031761009138	0.1314893192201367
cg12895631	0.0500840678661011	0.1398907036100474
cg07145284	0.0232643550563491	0.2585538573410157
cg27062571	0.0005162982716422	0.1312048643158315
cg01455178	-0.0042970372611282	0.5711048066816107
cg21256649	-0.0185061593681251	0.1601385612694709
cg23854009	0.0656470426353818	0.0733340692590734
cg12422761	0.0100761403954019	0.1138285668345295
cg26914205	-0.0505374315239645	0.5621224695302668
cg06532163	-0.0125221293428892	0.3037566607517685
cg25808809	-0.0077228277911261	0.4276005222290259
cg02795629	-0.0134378392850734	0.7248231832928334
cg01149683	0.0018428058131655	0.4996870654590585
cg00020474	0.0112912876621989	0.2365318618827326
cg21572722	0.0304309003608611	0.3256803261423652
cg06280059	-0.000577979926776	0.4870425374871114
cg06620837	-0.0080910502372967	0.0769498352369541
cg22586405	0.0165957586349673	0.1777989759967225
cg23688465	-0.0006306249882326	0.5364183662912956
cg12269535	-0.0143362041606811	0.4845272146047725
cg17830420	0.0070297008513818	0.4603340157225647
cg22155039	0.0118684934991197	0.4154102594945314
cg15089077	0.0107691449943229	0.6241879135963986
cg23753748	-0.0057159432661286	0.4390631254203299
cg00930873	-0.0125621383131846	0.1251926892972184
cg03542686	0.0032706862685947	0.676663606268679
cg08691235	0.0023015423797302	0.4213288218460931
cg13660719	-0.0134634557138875	0.3954949269221058
cg02795076	0.0165358668235617	0.098509363843271
cg10152449	0.0052031225970116	0.2558591124152168
cg17317023	0.0297154961796614	0.075732145136782
cg13989999	-0.0027718000518552	0.5305795357411611
cg17280134	-0.0024512277423733	0.6014934288861701
cg16371518	0.0014776058101436	0.7461203041517328
cg26833936	0.0302237689891164	0.3071051316292183
cg06829760	0.0068459979269965	0.3821272778441485
cg19653417	0.0210618649370461	0.6048029710641101
cg10203610	-0.0590429852510617	0.099295280429343
cg08461760	0.0022590184246348	0.5749332557622762
cg01871427	0.0237626441166516	0.5786776444919345
cg26824091	0.0348026154274339	0.0900490327433109
cg06757775	0.0204848667641897	0.0964541186510511
cg27626102	0.0048998807712121	0.1037204382902992
cg19724567	0.0311743335368095	0.1854626304694116
cg08952306	0.0030744104961011	0.583728716608719
cg02325250	0.0077990049446596	0.4662846350388856
cg02893604	-0.0023031214985713	0.6455033209830756
cg17832991	-0.0070284407766883	0.1132624849682618
cg04684267	0.0646994107793077	0.1094701341726077
cg20248822	0.005171434109055	0.5764943124810639
cg21188533	0.0163297003696308	0.4765809035328933
cg06619959	0.0130376529278949	0.4539008490769854
cg20793420	0.0047147381617103	0.2634395022442918
cg05110943	0.0283077819398947	0.2312456354238636
cg24834889	0.0127075312885444	0.3003213317488931
cg04055490	-0.0117206242525501	0.3664769744715843
cg12088946	0.0059948606038039	0.4295702406532042
cg03450635	0.0476386263357083	0.2973278551482575
cg24588162	0.0102113706292638	0.115120742501457
cg26229990	-0.0016274004259179	0.2066359775716552
cg01492538	0.0157452609950933	0.2895228231490787
cg25148589	0.0106126041196702	0.1711444894320728
cg24174988	0.0359235665506389	0.2262268220926652
cg11007075	-0.0011421209746448	0.4236245958667716
cg17621438	-0.0685520584802155	0.2380215862869759
cg19031565	0.0750026247418689	0.1669420617869434
cg13431800	0.0030214027899667	0.2150597697575421
cg22820188	-0.0543366803753479	0.2955778915569294
cg13316430	0.0141640077445269	0.0931806158115638
cg00593462	0.0368387728385294	0.5459464268391377
cg25841008	0.0096358548491473	0.420196238031084
cg02380135	0.0137728456968717	0.2942843382569465
cg16655791	0.0204348788317372	0.1669772656216732
cg00863306	-0.104726267270225	0.1058197585252698
cg11220950	0.0654488922500573	0.3960081425408441
cg05106770	-0.0167254459892226	0.2629804034641164
cg08111167	0.0012846785742578	0.1231707873861575
cg02680050	0.0078744066214341	0.4670431915372252
cg01472299	0.011051026587462	0.1113574963208891
cg27511181	0.003190724028301	0.3782345529318979
cg08644381	0.0003129733568984	0.4568919876300795
cg15048099	0.0033677926115214	0.3998818370899357
cg23869743	0.0040940992769464	0.2042262791715501
cg08668790	0.0142239572646979	0.1126436278182515
cg27519828	-0.0450785675068521	0.4768050891532958
cg13916835	0.0227515252938137	0.6137515407494831
cg11573518	0.0084294810189754	0.3835854701447897
ch.2.105901354F	-0.0234450790778582	0.0688282739237311
cg15575498	0.0199095643397927	0.1678835875887357
cg05346491	-0.041700610351333	0.4336639304178574
cg17025683	0.0110246502735062	0.1320705923640707
cg02991558	-0.0070915512656406	0.6610827182704647
cg04457572	0.0003917298936299	0.4275007389294091
cg05315321	0.0018170286916389	0.1279290672903305
cg14025336	0.0197499281205771	0.1018785021805388
cg10947146	-0.0167577546224805	0.0897330165910988
cg21462693	0.0132364355760466	0.4558840243045817
cg13716321	-0.0176339700749532	0.5982740244966763
cg14429847	0.0252994994719605	0.096189257266199
cg12018403	0.0273870830166853	0.0872727383730841
cg19083497	0.0003039446163309	0.1675026646473933
cg05053979	0.0003204874919215	0.5501102263998194
cg13691961	-0.0109032864374107	0.5767305962365108
cg26921969	0.036302482316414	0.2103605594482957
cg00082140	0.0248393379917877	0.3549283904933922
cg09143195	-0.0537378339874061	0.1532222649464446
cg01664241	0.0335125198258949	0.1569264772552993
cg12446246	-0.0146665545929768	0.2319392591751916
cg21303039	0.0014690095399716	0.4393413678874424
cg15711508	-0.0108301946084698	0.4757924794647034
cg27569829	-0.0269557298711541	0.5515147101511336
cg00589617	0.0124643683043469	0.7124956070703419
cg20592391	0.0261283710078184	0.1839577669833275
cg24358781	0.0125060659138344	0.7790659101202648
cg01901466	0.0005341692666889	0.6187638193216428
cg25468516	-0.0371577659055765	0.0911646729592127
cg22935653	0.0148022890351161	0.1720475196209829
cg09315264	0.0064775720183667	0.550433448206639
cg27306913	0.0060735269026159	0.0750744702812809
cg13430464	0.0014933727707591	0.280247948751767
cg01331772	0.0393046570496787	0.6248875926395246
cg17256364	0.0244142508047046	0.2151858192309411
cg27367526	-0.0179680591436567	0.3919588290304287
cg23172853	0.008866668000047	0.3610930699009219
ch.14.97331099F	-0.109054428986239	0.0367685113845168
cg11813441	-0.0089435795787806	0.5644163092987972
cg14094027	-0.0137001235867303	0.316694927382959
cg00602811	-0.0284857178611314	0.3337383012258677
cg14640670	-0.0012360676707536	0.3799517867461729
cg09639964	0.03025009448421	0.7401604005931344
cg11617964	-0.001166841088456	0.5029375283619234
cg14674720	0.0039743175978038	0.1790293904926785
cg12549908	-0.0153445913934688	0.5929760576752277
cg04999352	-0.0126190802771375	0.1632959209383264
cg01176694	-0.0104052564476457	0.480473138940199
cg06144905	0.0165734035136965	0.1930180272497155
cg19498794	0.0185222999368881	0.3789085088166758
cg12590902	-0.020085535703617	0.3570537037762348
cg18673377	-0.0087778700491949	0.1880112035484299
cg21220374	0.014322745790471	0.2118053372738275
cg26988423	-0.0270367075192675	0.1010742266825062
cg20462883	0.0010288235367529	0.2378132631829161
cg26999345	0.0028455465449256	0.2938008703864965
cg16371032	0.0001805002523349	0.0833721274486626
cg22138393	-0.0121897943486363	0.201455401654143
cg14734340	0.0159621809561213	0.5333047607639784
cg04477962	-0.009850960185563	0.541539184690016
cg01999701	-0.0057649850488243	0.3770835547373613
cg11454936	0.0026514342951769	0.4341766151520159
cg27293155	-5.94918403834716e-07	0.5839360600057327
cg13075942	0.003802449362107	0.7099075401073892
cg25838150	-0.0086546479031814	0.5618420516550802
cg06073351	0.0092756159166759	0.0684645709281518
cg04568819	-6.89176259955485e-05	0.6413107263930485
cg24560920	0.0069733831257519	0.5704594810682057
cg14176088	-0.0533735703376896	0.1717849971164161
cg05411199	-0.0006873117116524	0.7276356988547042
cg12578166	-0.0381591504081561	0.1400153796619443
cg11059944	0.0009610146902726	0.6617419362005744
cg18993113	0.0019547975166226	0.4936461138318985
cg18234352	-0.0025196248178044	0.2441272401378348
cg21144928	0.0090358336907904	0.336729023893879
cg00503447	-0.0115198811725489	0.5115965124526886
cg18730926	-0.0154733021512988	0.4817730325390784
cg00103778	-0.0091582222037045	0.2138283264242413
cg07440264	0.0104441231686803	0.6143892865239473
cg10184289	-0.01909919450768	0.3052061573059095
cg15246238	-0.0006747463902167	0.5793291331998724
cg26673195	-0.0041456336119392	0.5178936168237646
cg21809447	0.0268057413187789	0.1360173055836321
cg15707568	0.0365133862839832	0.0894918362707583
cg24231716	0.0132903072389718	0.0605177415804097
cg03468072	5.6344926458743e-05	0.2840944762596776
cg10850725	0.0153461098216405	0.1002873911394644
cg06672696	0.0043794018115186	0.6675893819580128
cg00329615	-0.176900186185737	0.3365901361291508
cg17878972	0.0036436437539592	0.1450655235690829
cg19588519	-0.0050109158590214	0.4296934709362647
cg11285834	0.0024410265371865	0.2130015651956263
cg26955383	0.0199876729057952	0.191980445630557
cg00008629	-0.0050729385905976	0.2996282946526023
cg08965235	-0.0231399591571768	0.1810534351611165
cg07430472	-0.0027621548114815	0.1037556345170042
cg21519787	-0.0019598013148487	0.771402450898472
cg03294491	0.003567437724089	0.1263422039376236
cg12857638	-0.0496829333688257	0.1250668988365954
cg06836849	0.0371760699668453	0.0588912333454538
cg15903032	-0.0726239023109041	0.3861664951144511
cg05917988	0.0806382257584901	0.0882444986174394
cg14037440	0.000615681071474	0.2076902287080125
cg26572392	0.006291132279686	0.4918797133652192
cg12183861	-0.0098962678750914	0.496267061998568
cg02832224	0.0209825641321518	0.5266979559238104
cg18974921	0.0049547397626759	0.1212450034719954
cg00275479	-0.004186598349735	0.6036498983198422
cg04982488	0.0021907231084008	0.6671346052928969
cg03508063	-0.0329247673406005	0.398225550727674
cg23429698	0.0128872686053027	0.2640919016823891
cg27346545	-0.007508815263721	0.295070764129089
cg23603036	-0.0090071370180079	0.22546999219827
cg09737499	-0.0002226661653402	0.6808113826168599
cg02607237	0.0061864632144393	0.4829710172619157
cg22971191	0.0613764687470003	0.7412403735494915
cg22040301	-0.0310942036359357	0.3902813077457341
cg25596754	-0.0020680496348519	0.8072186026241905
cg01554383	-0.0005784231887635	0.583271941200437
cg26628907	-0.0793313866956376	0.403190620845402
cg24217948	-0.0117844264436172	0.5798577232008421
cg00638574	-0.0044102444823772	0.6201587475654948
cg01694939	-0.0213106290201681	0.7484772102300561
cg26112929	0.0245579575309738	0.1277619733036885
cg13632058	-0.0028685815874112	0.0929592144910679
cg04229059	-0.0253575720846811	0.343042528462006
cg04361926	0.0010021097915882	0.2102309164337128
cg18419358	0.0162625810564881	0.3877231155526054
cg21878650	-0.0308317691349098	0.1932732522978174
cg25782440	-0.0418714754273641	0.4626376766643423
cg24365811	-0.0138590666261034	0.8126983920558326
cg26980000	-0.0078099050265027	0.5034232750116077
cg21190895	-0.0053533765618329	0.549368138672904
cg24119717	-0.0242940622509052	0.5712364385064612
cg05713794	0.0063414184777816	0.7789667149310767
cg00810710	-0.001831458554479	0.4816394375608634
cg02254885	-0.0191311185254855	0.626382583807287
cg01978236	-0.011254066374523	0.6413587655482159
cg07237926	-0.0126210943686328	0.5166556855906729
cg17168836	-0.0017351493382187	0.2509969584319151
cg09113483	0.0077680072452695	0.4976775328186881
cg12688234	0.001504652403591	0.510777572516656
cg03957108	0.0142364754443433	0.1046828231540818
cg24532083	0.0001627250677456	0.3427100150903225
cg10592592	-0.0111919670587985	0.2379637626119635
cg00059225	0.0691401134801364	0.307761670675072
cg23699918	-0.01464364435297	0.4580513324871674
cg20505457	0.0043983749669151	0.6324301635087853
cg15557036	0.0209763898420852	0.1794091497695217
cg10499974	0.0141851395410704	0.3998741108497576
cg24807850	-0.004955130239764	0.6715258310998014
cg11668844	0.0695617518304035	0.1987327325054787
cg26111265	-0.0092243413023199	0.212507797640824
cg00806461	-0.005166011720513	0.1998038811650353
cg13719901	-0.0161720180944155	0.5567422673947646
cg26817145	-0.0234730274500422	0.6303938774929577
cg22897715	-0.0010831752932032	0.0886815849796096
cg16536918	0.0152280530412391	0.387944358401261
cg11670060	0.0201265720494797	0.172746475495086
cg03696346	-0.0277102094889246	0.1537726309947209
cg07080372	-0.0065865954973121	0.1649488227435027
cg23564243	-0.0475650045879975	0.1845978267302212
cg12134570	-0.0703985408487328	0.1136391213098745
cg10373607	-0.0067195610570885	0.7493040698187914
cg13641082	0.0036787374961888	0.6592465530231331
cg20625138	0.0005517239898964	0.7039999220189158
cg10587449	-0.0017676502252811	0.6778715602165271
cg00218409	0.0389049550992542	0.0961873869483163
cg24891133	-0.0126833113849198	0.1060021084968354
cg03323793	0.0067705903006347	0.4179130346257094
cg26166595	-0.0062811851754653	0.2787251172033856
cg03826252	0.0216644455652614	0.4963425556881293
cg13543915	0.0038244902904057	0.6541042196977388
cg19477084	0.0062058500244245	0.1255781682954568
cg16708880	-0.0006177794412539	0.5013422914060629
cg22608655	-0.0172272944982613	0.1165134386299167
cg17338821	0.0345442989235031	0.5382954789060931
cg02304353	0.0015223386587007	0.6191834539484745
cg06981309	0.0066186658209426	0.3715364826037158
cg06488443	-0.0247302068514812	0.1206433539230142
cg02954987	0.0115046782546741	0.4490005067312151
cg05273302	-0.0070713384148825	0.4552139242113571
cg18473335	0.005022478179302	0.3827402251527976
cg24628744	0.0074974505953064	0.1570329062601684
cg06874016	-0.0227118658541389	0.2663445450702958
cg14310198	0.00793208801693	0.4470011996584292
cg22099723	0.0088077590714374	0.0639240804422321
cg02807849	-0.0007959446771191	0.6010494178414932
cg05176991	0.00795041039797	0.0688749459107793
cg11342234	0.0101371368653284	0.5403101402489755
cg00748718	0.0326639977257006	0.1398766618185815
cg22820364	-0.0062443562363393	0.4980426886864552
cg02304156	0.0134605911946999	0.7136787338987265
cg15775914	0.0015823022959912	0.4802283420956463
cg22563815	0.0060792419919018	0.5025472370756475
cg01968178	0.0083586222337516	0.1005933707002758
cg12164922	-0.0286165360417569	0.0998078394117026
cg05280698	0.0055172357592375	0.2732869538275131
cg16181396	0.0251516989308336	0.1417196628263223
cg05884870	0.0230800021106263	0.236820220648099
cg02228185	0.0051809083930911	0.6570249980306156
cg14591123	0.0099062525870707	0.0905653483720389
cg15298486	0.0006480231862997	0.1203072475913687
cg00771084	0.0259258697826581	0.2973602208223362
cg23500537	0.095771376735739	0.3403795776834395
cg21579239	0.0145046261254636	0.4218609257459971
cg07266431	0.0281399810778611	0.1407790702956165
cg08271909	0.0441270018473045	0.7997676235932245
cg09636313	0.0103344777194608	0.5337718474361769
cg17804886	9.36350084036884e-06	0.6365962269563379
cg16370645	0.0232027172520694	0.0719409032353683
cg10772185	0.0078069069161981	0.2193717506605899
cg23828876	-0.0127831177116746	0.5425532413836879
cg02058108	-0.0052537207848518	0.2901275029792491
cg13485366	0.0104831724494149	0.4231100426422413
cg25418484	-0.004710252302505	0.7910128903403397
cg23208717	0.0046323391715066	0.6913122714343173
cg03693105	0.0013048930114347	0.2255350960116267
cg23324537	-0.0139812289651343	0.2668871265546851
cg21871330	0.0092876918155723	0.5928106166837778
cg09183450	0.0109036953095465	0.4368801836407026
cg09454892	-0.0066033735977957	0.2915978564788732
cg24263283	0.0323962745353345	0.7296385411174977
cg21777166	0.006249594408074	0.6614834959406299
cg27584448	-0.0102700893393018	0.4379043422363681
cg27587195	-0.0011340084400708	0.0741707336184068
cg23370589	0.0012767332864794	0.1582252762095384
cg11340260	0.0097395156485999	0.4039890503425026
cg09349128	0.0123079027821793	0.2438478042516275
cg27443567	-0.0198058721979011	0.7033468150357548
cg04179940	-0.007955234213217	0.1465655418768835
cg20375220	0.0380253291727997	0.0610569537276739
cg00911776	-3.62608487071522e-05	0.5584457415612203
cg17042439	-0.0012588242947721	0.4948495527626008
cg10012394	-0.145144193929508	0.0727045251483743
cg10299976	-0.0292606957263435	0.5942961107620052
cg05901196	-0.0017184997797632	0.2713107373348248
cg23238058	-0.0031735707001552	0.6384834509494605
cg27067781	-0.0060167206091538	0.1991988670952219
cg26804423	-0.0137650462566713	0.579958506674328
cg12255554	0.0251349817470458	0.7197605974508479
cg20897136	-0.0117775436838331	0.2549990527366771
cg27537199	0.0182675489451336	0.3950450423872008
cg07891268	0.0010681438482738	0.6696571140420732
cg10002915	-0.0300572556334063	0.4918173824863522
cg02824029	0.0108100019494234	0.3880575896707717
cg16008966	-0.0316610596885722	0.5033965878943091
cg26614229	0.0236899273898471	0.1402055978416808
cg25716623	0.0084094401960626	0.1519678586972487
cg07956897	-0.0021011841702274	0.1021420404979473
cg01447660	-0.053035247704702	0.2106255634200869
cg01760189	0.0022302884553886	0.7550114026168855
cg16581455	-0.0058325846716292	0.6358201997927007
cg27151122	-0.0275204662266784	0.2605441860739472
cg00740914	-0.0051251051411552	0.6934476259856959
cg26129769	0.0175111986493317	0.0798310151648191
cg14676592	0.0897231001777187	0.2181964745640637
cg05934592	-0.0255549581427838	0.289946987959704
cg13590277	0.0278968397497941	0.470176746281901
cg06832406	-0.0134794574477974	0.653416635583081
cg12079303	-0.0266024043013448	0.2891531966049273
cg04191427	0.0028594583178656	0.6653335788720063
cg03211864	-0.0235734500975596	0.2071232411466552
cg18070470	0.0049515070366027	0.138685747474946
cg23949216	-0.0023831268406633	0.7474732984470067
cg00812303	0.0559127528446553	0.0646878317568458
cg11250194	0.0089662935738137	0.3924110615075444
cg22162281	0.041030794836336	0.0784623856182894
cg11660018	0.0016597235660692	0.4276744820863666
cg08951638	0.0112210050448631	0.4260780124105311
cg15519474	-0.018756884452654	0.782296316027334
cg20380468	0.0039303752808808	0.2273702016554533
cg23448486	0.0685524320921644	0.1005909657087753
cg23956238	0.0095832855546727	0.1028277529567153
cg21750589	0.001230270571679	0.7340762414946135
cg22282672	0.0030758751221013	0.2123822864727689
cg05234415	0.0138987506740214	0.6107932254658152
cg18317005	-0.0124366202339808	0.6070741119024279
cg15962547	0.0524372573159412	0.1512890827133727
cg17372101	-0.0143284658466362	0.3872350781452177
cg08097417	0.0242010511501647	0.1301558354261669
cg21495653	0.00106851649984	0.1164372298305794
cg26469387	0.0579952274640791	0.4140412669801501
cg00378158	0.0048684595025991	0.6284370167444749
cg11084718	0.0087040119063222	0.1412426083245419
cg22159815	0.0534333715199435	0.220152915237229
cg12077460	0.0080020703769856	0.6190840903882587
cg04436528	-0.0326904049488918	0.5779589002032993
cg16347155	3.4126051773516e-05	0.3660235818099998
cg11693709	-0.0219705180140041	0.3395109476215242
cg19563107	0.0486272320031394	0.0696569021670974
cg25809905	-0.0089723485123678	0.4859638306506011
cg27640528	-0.0232480969046792	0.6171151322631331
cg14227558	0.0050503604695996	0.0956498632374018
cg08425678	0.0039248528111113	0.2534980871347126
cg15054281	0.0077461130426455	0.5913333715115565
cg19996355	-0.0434837794850607	0.0626483622261144
cg08323969	0.0007980435297029	0.2714115889711065
cg23829395	0.0077257343058209	0.5009807735552211
cg01757168	0.0192498544150458	0.5675807421785042
cg26926631	-0.0017970677618413	0.7893677374289734
cg24733384	-0.0001244929010377	0.2680613624324568
cg07466622	0.0280477248229163	0.1291810020525612
cg25866895	-0.0022777412594096	0.421559726242085
cg26152923	-0.006116047394625	0.1716503048331087
cg00504285	0.0175859042324724	0.3972208957067452
cg18545695	0.0057503094761816	0.3395157632235429
cg09219547	0.0007757718836467	0.4157108520215551
cg06832677	-0.0113078281346785	0.3563770411527013
cg20426042	0.0035869375678278	0.3757482102169898
cg14336501	-0.0065669947641359	0.7327096575218995
cg14901243	0.0092464262180392	0.3262809099362994
cg12627844	0.0080961645622058	0.3772535105976806
cg06810647	0.0785051933312293	0.1850540286776676
cg14628343	0.0027847211746077	0.2057728626694654
cg21500300	0.0066816325592548	0.4593391241773875
cg10625705	0.284545034215281	0.1042108640488986
cg01841306	0.0095969748723453	0.2899962726477132
cg15001747	0.0092519741290218	0.1421254113795148
cg04990190	-0.0133141840772844	0.1812386024276634
cg15711521	-0.0508234962789231	0.6517873695551134
cg09929187	-0.0754937158645659	0.7099906346472284
cg21025494	-0.0442508617330237	0.1132336723655395
cg16609872	0.0007092064870642	0.6144782236346834
cg04749507	-0.0415013799917625	0.40660770195259
cg21100328	-0.0535961984035704	0.0960055559486135
cg22811647	-0.0057261677817314	0.4614039014551613
cg08441138	0.0028958954400284	0.234758106402497
cg07408456	-0.172690088291208	0.2766773410123077
cg24607642	0.001414906810676	0.3577918765054702
cg23950157	-0.0486260379258013	0.1647885129559207
cg19321018	0.0001220846418393	0.1475275373488167
cg07209244	0.0008095070922961	0.2839852472378842
cg25909396	-0.0411883047705856	0.7264071790011839
cg01829002	0.0193875631079833	0.0692626558465081
cg25508319	0.0429879076035303	0.152171028027953
cg08043998	0.07653723354981	0.6861802782031985
cg23688719	0.0003375569317273	0.7000930962794648
cg14514237	-0.0065868455231574	0.1060793847026857
cg26379475	-0.0284414375190142	0.7532117756434712
cg16686396	-0.0202552376645152	0.5098071383989224
cg03443986	-0.0170719075230301	0.1067414239890384
cg15356966	0.0132045211551201	0.2014262060428477
cg22747380	0.0236563246191388	0.3121594814750164
cg19267254	0.0224860229651808	0.1955055939566868
cg12706425	-0.0010421638931024	0.140418519451977
cg26241460	0.0048953079893835	0.5718067088066042
cg15225201	0.0208728061995557	0.0904723678939832
cg15600935_2	0.0081288328411628	0.9219813026926402
cg17485681_2	0.0121604312081446	0.5796329800792631
cg01235820_2	0.0129421563793444	0.5635280270004379
cg14439622_2	0.0004057713581623	0.3829953363357715
cg04800503_2	0.0130984007459642	0.9108041589361392
cg04224064_2	0.0050590760056628	0.2960045946163033
cg25691775_2	-0.0019040531520552	0.7105670921029644
cg01510388_2	0.0015586997712895	0.4422167988120691
cg19628934_2	-0.0006457330011371	0.487875321759761
cg20072171_2	0.136908897356329	0.0643781579783134
cg00347938_2	-0.0077621825450128	0.9726517118683976
cg06425868_2	-0.0018024284963657	0.6225700455918706
cg14284824_2	-0.0049977104684279	0.5979342567408278
cg00741624_2	-0.0445722437106622	0.219253614906667
cg21410991_2	-0.0108645075771767	0.1998637425822143
cg23715749_2	-0.0022079644910219	0.3362632806984696
cg03758021_2	-0.0090835280737499	0.623639854608622
cg09563216_2	-0.0202217255213323	0.4146930209245715
cg14288049_2	-0.005350067031833	0.8527803859757327
cg19403534_2	-0.0253046469972608	0.2728907363714423
cg04331189_2	-0.0034767822247548	0.7907234731091148
cg12457773_2	-0.0281999608690146	0.1770430649619135
cg22719623_2	-0.0317109984680721	0.4161531679796246
cg16110788_2	-0.0104949462762826	0.5436142872299354
cg12516875_2	-0.0112517505193353	0.6282019511712617
cg12087471_2	-0.0112444540696803	0.7799138994275402
cg11142333_2	-0.0012172093015404	0.4971180361715791
cg14431734_2	-0.0051138451882991	0.7425090199167276
cg25861699_2	-0.0086085033233372	0.2552798610380624
cg21865845_2	-0.0486013758562858	0.2827548712715896
cg13826452_2	-0.0171418922658053	0.3316803699652806
cg01201215_2	-0.001217925559314	0.5640803931140149
cg12554573_2	-0.0216917844702614	0.577368520811879
cg00574740_2	-0.0100856031543147	0.4825425943764779
cg24143374_2	-0.0083835954291139	0.7645851086823867
cg19351603_2	-0.0079489048193639	0.5329301976702759
cg14257429_2	-0.0294005336108513	0.3895457089006847
cg19686152_2	-0.0035614222916191	0.5106548021497542
cg07742396_2	-0.0364198129077041	0.3787298500656557
cg17152981_2	-0.0819100693456637	0.2717723161301734
cg08405119_2	-0.0070769149777707	0.3034288627163229
cg26725076_2	-0.0002712453641344	0.3516349431545351
cg01236063_2	-0.0201299594285054	0.2205098340241892
cg06832008_2	-0.0135326706615537	0.29557427432507
cg18384588_2	-0.0033214399710392	0.8144043832927853
cg01765641_2	-0.0044556520908679	0.7065490270783882
cg06711259_2	-0.0025226422264544	0.7563072809795336
cg21725716_2	-0.0593380864187127	0.1905722127410916
cg23500537_2	-0.0295232354376928	0.3403795776834395
cg00138101_2	-0.0039644635591731	0.2414772575718666
cg12680719_2	-0.0003280188703198	0.6194466415762968
cg10674793_2	-0.0108638716938759	0.6252836465513907
cg04792712_2	-0.0711067144457484	0.1904737189516378
cg17790928_2	-0.0227808475701589	0.2278498725449187
cg18689332_2	-0.0028590973667241	0.3670724181260514
